date,yield_pct
2006-03-01,2.9
2006-03-02,2.9
2006-03-03,2.87
2006-03-06,2.93
2006-03-07,2.9
2006-03-08,2.88
2006-03-09,2.88
2006-03-10,2.89
2006-03-13,2.9
2006-03-14,2.9
2006-03-15,2.91
2006-03-16,2.91
2006-03-17,2.92
2006-03-20,2.93
2006-03-21,2.92
2006-03-22,2.93
2006-03-23,2.912
2006-03-24,2.9
2006-03-27,2.92
2006-03-28,2.92
2006-03-29,2.94
2006-03-30,2.94
2006-03-31,2.94
2006-04-03,2.92
2006-04-04,2.92
2006-04-05,2.91
2006-04-06,2.94
2006-04-07,2.9291
2006-04-10,2.93
2006-04-11,2.97
2006-04-12,2.98
2006-04-13,2.9405
2006-04-14,2.95
2006-04-17,2.94
2006-04-18,3.01
2006-04-19,3.01
2006-04-20,3.0
2006-04-21,3.048
2006-04-24,3.05
2006-04-25,3.06
2006-04-26,3.05
2006-04-27,3.01
2006-04-28,3.01
2006-04-29,3.0
2006-04-30,3.0
2006-05-08,3.02
2006-05-09,3.0
2006-05-10,3.0
2006-05-11,3.0
2006-05-12,3.02
2006-05-15,3.03
2006-05-16,3.02
2006-05-17,3.0
2006-05-18,3.0
2006-05-19,2.99
2006-05-22,3.0
2006-05-23,3.02
2006-05-24,3.0
2006-05-25,3.0
2006-05-26,3.0
2006-05-29,3.03
2006-05-30,3.02
2006-05-31,3.02
2006-06-01,3.03
2006-06-02,3.05
2006-06-05,3.03
2006-06-06,3.02
2006-06-07,3.05
2006-06-08,3.05
2006-06-09,3.03
2006-06-12,3.05
2006-06-13,3.08
2006-06-14,3.09
2006-06-15,3.1
2006-06-16,3.1
2006-06-19,3.12
2006-06-20,3.1
2006-06-21,3.15
2006-06-22,3.12
2006-06-23,3.13
2006-06-26,3.15
2006-06-27,3.15
2006-06-28,3.15
2006-06-29,3.15
2006-06-30,3.165
2006-07-03,3.159
2006-07-04,3.15
2006-07-05,3.18
2006-07-06,3.172
2006-07-07,3.18
2006-07-10,3.1729
2006-07-11,3.1689
2006-07-12,3.2
2006-07-13,3.23
2006-07-14,3.235
2006-07-17,3.2
2006-07-18,3.2
2006-07-19,3.19
2006-07-20,3.2
2006-07-21,3.2
2006-07-24,3.25
2006-07-25,3.24
2006-07-26,3.25
2006-07-27,3.275
2006-07-28,3.25
2006-07-31,3.26
2006-08-01,3.25
2006-08-02,3.25
2006-08-03,3.24
2006-08-04,3.25
2006-08-07,3.25
2006-08-08,3.25
2006-08-09,3.26
2006-08-10,3.26
2006-08-11,3.255
2006-08-14,3.245
2006-08-15,3.245
2006-08-16,3.24
2006-08-17,3.24
2006-08-18,3.2
2006-08-21,3.26
2006-08-22,3.254
2006-08-23,3.251
2006-08-24,3.248
2006-08-25,3.2389
2006-08-28,3.256
2006-08-29,3.25
2006-08-30,3.24
2006-08-31,3.238
2006-09-01,3.23
2006-09-04,3.23
2006-09-05,3.225
2006-09-06,3.21
2006-09-07,3.201
2006-09-08,3.2
2006-09-11,3.2
2006-09-12,3.18
2006-09-13,3.18
2006-09-14,3.172
2006-09-15,3.17
2006-09-18,3.155
2006-09-19,3.15
2006-09-20,3.13
2006-09-21,3.11
2006-09-22,3.05
2006-09-25,3.0
2006-09-26,3.0
2006-09-27,3.0
2006-09-28,3.0
2006-09-29,3.0
2006-09-30,2.999
2006-10-08,3.0
2006-10-09,3.0
2006-10-10,2.99
2006-10-11,2.97
2006-10-12,2.9552
2006-10-13,2.9541
2006-10-16,2.9567
2006-10-17,2.9533
2006-10-18,2.9535
2006-10-19,2.954
2006-10-20,2.9523
2006-10-23,2.9492
2006-10-24,2.9385
2006-10-25,2.9498
2006-10-26,2.9374
2006-10-27,2.9397
2006-10-30,2.9406
2006-10-31,2.9512
2006-11-01,2.9545
2006-11-02,2.9557
2006-11-03,2.9561
2006-11-06,2.9844
2006-11-07,2.989
2006-11-08,2.9781
2006-11-09,2.972
2006-11-10,2.9595
2006-11-13,2.9494
2006-11-14,2.9682
2006-11-15,2.9688
2006-11-16,2.9725
2006-11-17,2.9632
2006-11-20,2.9806
2006-11-21,2.9785
2006-11-22,3.0518
2006-11-23,3.0609
2006-11-24,3.0655
2006-11-27,3.02
2006-11-28,2.9886
2006-11-29,2.9811
2006-11-30,2.9781
2006-12-01,2.9936
2006-12-04,2.9895
2006-12-05,2.9912
2006-12-06,2.9851
2006-12-07,2.9947
2006-12-08,3.0351
2006-12-11,3.0527
2006-12-12,3.0393
2006-12-13,3.0461
2006-12-14,3.0335
2006-12-15,3.0402
2006-12-18,3.0307
2006-12-19,3.0232
2006-12-20,3.0267
2006-12-21,3.0199
2006-12-22,3.0364
2006-12-25,3.0408
2006-12-26,3.0419
2006-12-27,3.0408
2006-12-28,3.026
2006-12-29,3.0202
2006-12-30,3.0204
2006-12-31,3.0269
2007-01-04,3.0239
2007-01-05,3.0211
2007-01-08,3.0356
2007-01-09,3.0231
2007-01-10,3.0102
2007-01-11,3.0047
2007-01-12,3.0202
2007-01-15,3.0167
2007-01-16,3.0175
2007-01-17,3.0176
2007-01-18,3.0273
2007-01-19,3.032
2007-01-22,3.0277
2007-01-23,3.0373
2007-01-24,3.0267
2007-01-25,3.032
2007-01-26,3.0374
2007-01-29,3.0427
2007-01-30,3.0559
2007-01-31,3.0671
2007-02-01,3.0676
2007-02-02,3.0598
2007-02-05,3.0765
2007-02-06,3.0705
2007-02-07,3.0704
2007-02-08,3.0814
2007-02-09,3.1171
2007-02-12,3.1355
2007-02-13,3.1367
2007-02-14,3.137
2007-02-15,3.1365
2007-02-16,3.1361
2007-02-17,3.11
2007-02-25,3.11
2007-02-26,3.12
2007-02-27,3.1468
2007-02-28,3.1466
2007-03-01,3.1553
2007-03-02,3.1683
2007-03-05,3.1726
2007-03-06,3.179
2007-03-07,3.19
2007-03-08,3.2192
2007-03-09,3.223
2007-03-12,3.2278
2007-03-13,3.2051
2007-03-14,3.2332
2007-03-15,3.2876
2007-03-16,3.3042
2007-03-19,3.337
2007-03-20,3.36
2007-03-21,3.4
2007-03-22,3.395
2007-03-23,3.4235
2007-03-26,3.42
2007-03-27,3.42
2007-03-28,3.4245
2007-03-29,3.4386
2007-03-30,3.4338
2007-04-02,3.43
2007-04-03,3.4277
2007-04-04,3.44
2007-04-05,3.4441
2007-04-06,3.4615
2007-04-09,3.488
2007-04-10,3.4829
2007-04-11,3.493
2007-04-12,3.4936
2007-04-13,3.5202
2007-04-16,3.5327
2007-04-17,3.5391
2007-04-18,3.56
2007-04-19,3.57
2007-04-20,3.58
2007-04-23,3.59
2007-04-24,3.6139
2007-04-25,3.6349
2007-04-26,3.5931
2007-04-27,3.5914
2007-04-28,3.5883
2007-04-29,3.58
2007-04-30,3.5916
2007-05-08,3.5933
2007-05-09,3.5906
2007-05-10,3.63
2007-05-11,3.68
2007-05-14,3.7
2007-05-15,3.7992
2007-05-16,3.83
2007-05-17,3.83
2007-05-18,3.83
2007-05-21,3.966
2007-05-22,4.05
2007-05-23,4.064
2007-05-24,4.03
2007-05-25,4.05
2007-05-28,4.07
2007-05-29,4.08
2007-05-30,4.07
2007-05-31,4.06
2007-06-01,4.08
2007-06-04,4.1393
2007-06-05,4.1309
2007-06-06,4.1442
2007-06-07,4.1427
2007-06-08,4.1624
2007-06-11,4.1376
2007-06-12,4.2199
2007-06-13,4.232
2007-06-14,4.2669
2007-06-15,4.3483
2007-06-18,4.3496
2007-06-19,4.3969
2007-06-20,4.4408
2007-06-21,4.47
2007-06-22,4.44
2007-06-25,4.42
2007-06-26,4.4
2007-06-27,4.3985
2007-06-28,4.4538
2007-06-29,4.45
2007-07-02,4.45
2007-07-03,4.4726
2007-07-04,4.4745
2007-07-05,4.475
2007-07-06,4.4261
2007-07-09,4.4172
2007-07-10,4.4896
2007-07-11,4.4773
2007-07-12,4.4777
2007-07-13,4.4634
2007-07-16,4.454
2007-07-17,4.4542
2007-07-18,4.4547
2007-07-19,4.455
2007-07-20,4.4551
2007-07-23,4.477
2007-07-24,4.4651
2007-07-25,4.33
2007-07-26,4.3086
2007-07-27,4.3399
2007-07-30,4.2848
2007-07-31,4.3401
2007-08-01,4.2857
2007-08-02,4.2594
2007-08-03,4.2855
2007-08-06,4.3861
2007-08-07,4.3775
2007-08-08,4.3166
2007-08-09,4.3178
2007-08-10,4.3378
2007-08-13,4.357
2007-08-14,4.3568
2007-08-15,4.3541
2007-08-16,4.3529
2007-08-17,4.3038
2007-08-20,4.2636
2007-08-21,4.2445
2007-08-22,4.227
2007-08-23,4.2064
2007-08-24,4.2164
2007-08-27,4.136
2007-08-28,4.2049
2007-08-29,4.2766
2007-08-30,4.2739
2007-08-31,4.2743
2007-09-03,4.235
2007-09-04,4.2328
2007-09-05,4.244
2007-09-06,4.2677
2007-09-07,4.2872
2007-09-10,4.2946
2007-09-11,4.3615
2007-09-12,4.3788
2007-09-13,4.3892
2007-09-14,4.4893
2007-09-17,4.5421
2007-09-18,4.5436
2007-09-19,4.5474
2007-09-20,4.5477
2007-09-21,4.495
2007-09-24,4.493
2007-09-25,4.4859
2007-09-26,4.445
2007-09-27,4.42
2007-09-28,4.39
2007-09-29,4.396
2007-09-30,4.3877
2007-10-08,4.3664
2007-10-09,4.37
2007-10-10,4.3737
2007-10-11,4.3732
2007-10-12,4.3723
2007-10-15,4.3746
2007-10-16,4.3743
2007-10-17,4.45
2007-10-18,4.46
2007-10-19,4.47
2007-10-22,4.48
2007-10-23,4.485
2007-10-24,4.485
2007-10-25,4.485
2007-10-26,4.485
2007-10-29,4.48
2007-10-30,4.484
2007-10-31,4.4937
2007-11-01,4.5
2007-11-02,4.5
2007-11-05,4.5263
2007-11-06,4.5248
2007-11-07,4.5441
2007-11-08,4.5441
2007-11-09,4.5743
2007-11-12,4.5863
2007-11-13,4.5861
2007-11-14,4.5922
2007-11-15,4.5973
2007-11-16,4.5974
2007-11-19,4.5822
2007-11-20,4.5569
2007-11-21,4.545
2007-11-22,4.55
2007-11-23,4.54
2007-11-26,4.535
2007-11-27,4.5247
2007-11-28,4.5089
2007-11-29,4.5084
2007-11-30,4.5086
2007-12-03,4.5085
2007-12-04,4.5085
2007-12-05,4.5096
2007-12-06,4.5038
2007-12-07,4.5043
2007-12-10,4.4996
2007-12-11,4.5116
2007-12-12,4.5118
2007-12-13,4.5067
2007-12-14,4.4251
2007-12-17,4.4282
2007-12-18,4.4279
2007-12-19,4.428
2007-12-20,4.4282
2007-12-21,4.4526
2007-12-24,4.4517
2007-12-25,4.4528
2007-12-26,4.4541
2007-12-27,4.4005
2007-12-28,4.4357
2007-12-29,4.4253
2008-01-02,4.4363
2008-01-03,4.4263
2008-01-04,4.4013
2008-01-07,4.3948
2008-01-08,4.4024
2008-01-09,4.4022
2008-01-10,4.4067
2008-01-11,4.3893
2008-01-14,4.402
2008-01-15,4.4022
2008-01-16,4.4028
2008-01-17,4.3978
2008-01-18,4.403
2008-01-21,4.3777
2008-01-22,4.3679
2008-01-23,4.2883
2008-01-24,4.2433
2008-01-25,4.244
2008-01-28,4.2226
2008-01-29,4.2539
2008-01-30,4.2502
2008-01-31,4.1937
2008-02-01,4.1308
2008-02-02,4.1307
2008-02-03,4.1309
2008-02-04,4.1311
2008-02-05,4.1458
2008-02-13,4.1559
2008-02-14,4.1561
2008-02-15,4.1791
2008-02-18,4.1924
2008-02-19,4.2176
2008-02-20,4.1744
2008-02-21,4.1818
2008-02-22,4.16
2008-02-25,4.1439
2008-02-26,4.1413
2008-02-27,4.1436
2008-02-28,4.1283
2008-02-29,4.1283
2008-03-03,4.1285
2008-03-04,4.1521
2008-03-05,4.1635
2008-03-06,4.1768
2008-03-07,4.176
2008-03-10,4.1768
2008-03-11,4.1953
2008-03-12,4.1954
2008-03-13,4.17
2008-03-14,4.15
2008-03-17,4.1248
2008-03-18,4.1151
2008-03-19,4.075
2008-03-20,4.08
2008-03-21,4.08
2008-03-24,4.077
2008-03-25,4.0511
2008-03-26,4.0404
2008-03-27,4.0008
2008-03-28,4.0116
2008-03-31,4.046
2008-04-01,4.0563
2008-04-02,4.0517
2008-04-03,4.0444
2008-04-07,4.045
2008-04-08,4.0451
2008-04-09,4.0451
2008-04-10,4.0405
2008-04-11,4.0457
2008-04-14,4.0436
2008-04-15,4.0244
2008-04-16,4.0184
2008-04-17,4.0185
2008-04-18,4.0085
2008-04-21,4.0087
2008-04-22,4.009
2008-04-23,4.0244
2008-04-24,4.0601
2008-04-25,4.0654
2008-04-28,4.0707
2008-04-29,4.0736
2008-04-30,4.0725
2008-05-04,4.0704
2008-05-05,4.0631
2008-05-06,4.0632
2008-05-07,4.135
2008-05-08,4.1253
2008-05-09,4.121
2008-05-12,4.1517
2008-05-13,4.1486
2008-05-14,4.1653
2008-05-15,4.1691
2008-05-16,4.1493
2008-05-19,4.1669
2008-05-20,4.1676
2008-05-21,4.1677
2008-05-22,4.1631
2008-05-23,4.1632
2008-05-26,4.1636
2008-05-27,4.1618
2008-05-28,4.1676
2008-05-29,4.1636
2008-05-30,4.1589
2008-06-02,4.1626
2008-06-03,4.1588
2008-06-04,4.1589
2008-06-05,4.1591
2008-06-06,4.1617
2008-06-10,4.2069
2008-06-11,4.3193
2008-06-12,4.3009
2008-06-13,4.3128
2008-06-16,4.3179
2008-06-17,4.3354
2008-06-18,4.3356
2008-06-19,4.3358
2008-06-20,4.4213
2008-06-23,4.4716
2008-06-24,4.4626
2008-06-25,4.4582
2008-06-26,4.5182
2008-06-27,4.558
2008-06-30,4.5285
2008-07-01,4.5309
2008-07-02,4.536
2008-07-03,4.5311
2008-07-04,4.5313
2008-07-07,4.5529
2008-07-08,4.5331
2008-07-09,4.5059
2008-07-10,4.4725
2008-07-11,4.4562
2008-07-14,4.4328
2008-07-15,4.4332
2008-07-16,4.4338
2008-07-17,4.434
2008-07-18,4.4236
2008-07-21,4.419
2008-07-22,4.4135
2008-07-23,4.4136
2008-07-24,4.4137
2008-07-25,4.4342
2008-07-28,4.4374
2008-07-29,4.44
2008-07-30,4.4351
2008-07-31,4.4401
2008-08-01,4.4601
2008-08-04,4.4612
2008-08-05,4.4565
2008-08-06,4.4411
2008-08-07,4.5238
2008-08-08,4.4988
2008-08-11,4.5596
2008-08-12,4.5139
2008-08-13,4.5038
2008-08-14,4.4736
2008-08-15,4.4133
2008-08-18,4.4141
2008-08-19,4.4042
2008-08-20,4.3944
2008-08-21,4.3689
2008-08-22,4.3554
2008-08-25,4.3431
2008-08-26,4.3292
2008-08-27,4.3096
2008-08-28,4.2753
2008-08-29,4.2234
2008-09-01,4.1363
2008-09-02,4.1714
2008-09-03,4.1411
2008-09-04,4.1643
2008-09-05,4.1703
2008-09-08,4.1705
2008-09-09,4.1429
2008-09-10,4.1015
2008-09-11,4.0631
2008-09-12,3.9712
2008-09-16,3.8
2008-09-17,3.7119
2008-09-18,3.712
2008-09-19,3.69
2008-09-22,3.7594
2008-09-23,3.7612
2008-09-24,3.7601
2008-09-25,3.7276
2008-09-26,3.7282
2008-09-27,3.7143
2008-09-28,3.7155
2008-10-06,3.6809
2008-10-07,3.5309
2008-10-08,3.3499
2008-10-09,3.15
2008-10-10,3.051
2008-10-13,3.126
2008-10-14,3.1593
2008-10-15,3.1062
2008-10-16,3.1267
2008-10-17,3.1768
2008-10-20,3.182
2008-10-21,3.1826
2008-10-22,3.1922
2008-10-23,3.1978
2008-10-24,3.1931
2008-10-27,3.1522
2008-10-28,3.1042
2008-10-29,3.0694
2008-10-30,3.0703
2008-10-31,3.0751
2008-11-03,3.0549
2008-11-04,3.0569
2008-11-05,3.0676
2008-11-06,3.0424
2008-11-07,2.9767
2008-11-10,2.9005
2008-11-11,2.9221
2008-11-12,2.8969
2008-11-13,2.8639
2008-11-14,2.9482
2008-11-17,2.9984
2008-11-18,2.9974
2008-11-19,3.0885
2008-11-20,3.0531
2008-11-21,3.0049
2008-11-24,3.0638
2008-11-25,3.1728
2008-11-26,3.1034
2008-11-27,2.9064
2008-11-28,2.9905
2008-12-01,3.0378
2008-12-02,3.0306
2008-12-03,2.9467
2008-12-04,2.9343
2008-12-05,2.9061
2008-12-08,2.9053
2008-12-09,3.0072
2008-12-10,3.013
2008-12-11,3.004
2008-12-12,2.9237
2008-12-15,2.9186
2008-12-16,2.9243
2008-12-17,2.81
2008-12-18,2.7043
2008-12-19,2.7384
2008-12-22,2.739
2008-12-23,2.6887
2008-12-24,2.7045
2008-12-25,2.7047
2008-12-26,2.7301
2008-12-29,2.7559
2008-12-30,2.7566
2008-12-31,2.7521
2009-01-04,2.7102
2009-01-05,2.73
2009-01-06,2.6909
2009-01-07,2.6711
2009-01-08,2.6716
2009-01-09,2.6722
2009-01-12,2.7
2009-01-13,2.8257
2009-01-14,2.8818
2009-01-15,2.9897
2009-01-16,2.994
2009-01-19,3.0123
2009-01-20,3.0995
2009-01-21,3.1398
2009-01-22,3.0619
2009-01-23,3.0367
2009-01-24,3.0368
2009-02-01,3.0502
2009-02-02,3.1433
2009-02-03,3.1766
2009-02-04,3.2946
2009-02-05,3.4013
2009-02-06,3.2967
2009-02-09,3.269
2009-02-10,3.3001
2009-02-11,3.2323
2009-02-12,3.1271
2009-02-13,3.1321
2009-02-16,3.1547
2009-02-17,3.1897
2009-02-18,3.1703
2009-02-19,3.1385
2009-02-20,3.1583
2009-02-23,3.1555
2009-02-24,3.1508
2009-02-25,3.1412
2009-02-26,3.1447
2009-02-27,3.1508
2009-03-02,3.1582
2009-03-03,3.1755
2009-03-04,3.2075
2009-03-05,3.231
2009-03-06,3.2291
2009-03-09,3.2036
2009-03-10,3.178
2009-03-11,3.1331
2009-03-12,3.1524
2009-03-13,3.148
2009-03-16,3.1534
2009-03-17,3.1249
2009-03-18,3.1
2009-03-19,3.0768
2009-03-20,3.0772
2009-03-23,3.0831
2009-03-24,3.1295
2009-03-25,3.1297
2009-03-26,3.1606
2009-03-27,3.1594
2009-03-30,3.1608
2009-03-31,3.1612
2009-04-01,3.1618
2009-04-02,3.1714
2009-04-03,3.1805
2009-04-07,3.1805
2009-04-08,3.1869
2009-04-09,3.1949
2009-04-10,3.1954
2009-04-13,3.1953
2009-04-14,3.2044
2009-04-15,3.2114
2009-04-16,3.1841
2009-04-17,3.1634
2009-04-20,3.1412
2009-04-21,3.1616
2009-04-22,3.1609
2009-04-23,3.1618
2009-04-24,3.1571
2009-04-27,3.1579
2009-04-28,3.1532
2009-04-29,3.1286
2009-04-30,3.1072
2009-05-04,3.1092
2009-05-05,3.1036
2009-05-06,3.0795
2009-05-07,3.0739
2009-05-08,3.0701
2009-05-11,3.0698
2009-05-12,3.0662
2009-05-13,3.0365
2009-05-14,3.0318
2009-05-15,3.0321
2009-05-18,3.0277
2009-05-19,3.0384
2009-05-20,3.0386
2009-05-21,3.0388
2009-05-22,3.0434
2009-05-25,3.0441
2009-05-26,3.0546
2009-05-27,3.039
2009-05-31,3.0409
2009-06-01,3.0615
2009-06-02,3.0515
2009-06-03,3.065
2009-06-04,3.1349
2009-06-05,3.1474
2009-06-08,3.1543
2009-06-09,3.1481
2009-06-10,3.166
2009-06-11,3.17
2009-06-12,3.1868
2009-06-15,3.1947
2009-06-16,3.1476
2009-06-17,3.1332
2009-06-18,3.1536
2009-06-19,3.1543
2009-06-22,3.1876
2009-06-23,3.2325
2009-06-24,3.2397
2009-06-25,3.2525
2009-06-26,3.2628
2009-06-29,3.2456
2009-06-30,3.2403
2009-07-01,3.23
2009-07-02,3.2277
2009-07-03,3.2534
2009-07-06,3.2702
2009-07-07,3.2706
2009-07-08,3.2709
2009-07-09,3.3068
2009-07-10,3.3056
2009-07-13,3.306
2009-07-14,3.3322
2009-07-15,3.3816
2009-07-16,3.4421
2009-07-17,3.451
2009-07-20,3.478
2009-07-21,3.4697
2009-07-22,3.4522
2009-07-23,3.4511
2009-07-24,3.4588
2009-07-27,3.5091
2009-07-28,3.4866
2009-07-29,3.502
2009-07-30,3.4905
2009-07-31,3.503
2009-08-03,3.5034
2009-08-04,3.515
2009-08-05,3.5165
2009-08-06,3.5167
2009-08-07,3.5168
2009-08-10,3.5177
2009-08-11,3.518
2009-08-12,3.5209
2009-08-13,3.5187
2009-08-14,3.518
2009-08-17,3.5231
2009-08-18,3.5242
2009-08-19,3.5255
2009-08-20,3.5162
2009-08-21,3.5276
2009-08-24,3.4886
2009-08-25,3.4966
2009-08-26,3.485
2009-08-27,3.4847
2009-08-28,3.48
2009-08-31,3.4805
2009-09-01,3.481
2009-09-02,3.4982
2009-09-03,3.4862
2009-09-04,3.4698
2009-09-07,3.4317
2009-09-08,3.4268
2009-09-09,3.4323
2009-09-10,3.451
2009-09-11,3.4652
2009-09-14,3.4631
2009-09-15,3.4581
2009-09-16,3.4535
2009-09-17,3.4636
2009-09-18,3.4741
2009-09-21,3.5132
2009-09-22,3.5212
2009-09-23,3.5126
2009-09-24,3.5096
2009-09-25,3.5101
2009-09-27,3.5103
2009-09-28,3.4917
2009-09-29,3.5
2009-09-30,3.5132
2009-10-09,3.5542
2009-10-10,3.5541
2009-10-12,3.6043
2009-10-13,3.6305
2009-10-14,3.6787
2009-10-15,3.7
2009-10-16,3.7058
2009-10-19,3.6789
2009-10-20,3.6773
2009-10-21,3.6933
2009-10-22,3.6587
2009-10-23,3.692
2009-10-26,3.6925
2009-10-27,3.6905
2009-10-28,3.6855
2009-10-29,3.6818
2009-10-30,3.6886
2009-11-02,3.692
2009-11-03,3.6944
2009-11-04,3.7038
2009-11-05,3.7247
2009-11-06,3.7303
2009-11-09,3.7313
2009-11-10,3.7281
2009-11-11,3.6988
2009-11-12,3.6918
2009-11-13,3.6921
2009-11-16,3.6927
2009-11-17,3.6956
2009-11-18,3.6885
2009-11-19,3.6866
2009-11-20,3.6648
2009-11-23,3.6703
2009-11-24,3.6504
2009-11-25,3.651
2009-11-26,3.6459
2009-11-27,3.5759
2009-11-30,3.5569
2009-12-01,3.5723
2009-12-02,3.5725
2009-12-03,3.5929
2009-12-04,3.5983
2009-12-07,3.62
2009-12-08,3.6292
2009-12-09,3.6251
2009-12-10,3.6258
2009-12-11,3.6257
2009-12-14,3.6348
2009-12-15,3.6314
2009-12-16,3.6339
2009-12-17,3.6365
2009-12-18,3.6393
2009-12-21,3.6508
2009-12-22,3.6507
2009-12-23,3.6589
2009-12-24,3.6565
2009-12-25,3.6543
2009-12-28,3.65
2009-12-29,3.6426
2009-12-30,3.6429
2009-12-31,3.6422
2010-01-04,3.6603
2010-01-05,3.6606
2010-01-06,3.6425
2010-01-07,3.6543
2010-01-08,3.6614
2010-01-11,3.6696
2010-01-12,3.6694
2010-01-13,3.7053
2010-01-14,3.6868
2010-01-15,3.6871
2010-01-18,3.6852
2010-01-19,3.6559
2010-01-20,3.64
2010-01-21,3.6558
2010-01-22,3.63
2010-01-25,3.6
2010-01-26,3.5838
2010-01-27,3.5648
2010-01-28,3.5879
2010-01-29,3.58
2010-02-01,3.5406
2010-02-02,3.4956
2010-02-03,3.4648
2010-02-04,3.5006
2010-02-05,3.4733
2010-02-08,3.4706
2010-02-09,3.4743
2010-02-10,3.4615
2010-02-11,3.4516
2010-02-12,3.457
2010-02-20,3.4889
2010-02-21,3.4841
2010-02-22,3.5149
2010-02-23,3.51
2010-02-24,3.4646
2010-02-25,3.4448
2010-02-26,3.3753
2010-03-01,3.3613
2010-03-02,3.3414
2010-03-03,3.3169
2010-03-04,3.3518
2010-03-05,3.3537
2010-03-08,3.3602
2010-03-09,3.3817
2010-03-10,3.403
2010-03-11,3.4559
2010-03-12,3.4526
2010-03-15,3.4484
2010-03-16,3.4331
2010-03-17,3.3829
2010-03-18,3.3639
2010-03-19,3.3805
2010-03-22,3.4216
2010-03-23,3.4062
2010-03-24,3.3961
2010-03-25,3.4168
2010-03-26,3.4582
2010-03-29,3.4784
2010-03-30,3.4959
2010-03-31,3.4818
2010-04-01,3.4742
2010-04-02,3.48
2010-04-06,3.5021
2010-04-07,3.5182
2010-04-08,3.5549
2010-04-09,3.5468
2010-04-12,3.5343
2010-04-13,3.5031
2010-04-14,3.5043
2010-04-15,3.5071
2010-04-16,3.4813
2010-04-19,3.4116
2010-04-20,3.4086
2010-04-21,3.4354
2010-04-22,3.4093
2010-04-23,3.4106
2010-04-26,3.3715
2010-04-27,3.3768
2010-04-28,3.3456
2010-04-29,3.3607
2010-04-30,3.3565
2010-05-04,3.3826
2010-05-05,3.3636
2010-05-06,3.3485
2010-05-07,3.2721
2010-05-10,3.3027
2010-05-11,3.2983
2010-05-12,3.2781
2010-05-13,3.2686
2010-05-14,3.2687
2010-05-17,3.2257
2010-05-18,3.2118
2010-05-19,3.1865
2010-05-20,3.2078
2010-05-21,3.1972
2010-05-24,3.2277
2010-05-25,3.203
2010-05-26,3.2272
2010-05-27,3.2416
2010-05-28,3.2529
2010-05-31,3.243
2010-06-01,3.2726
2010-06-02,3.2748
2010-06-03,3.2478
2010-06-04,3.2512
2010-06-07,3.226
2010-06-08,3.2432
2010-06-09,3.2845
2010-06-10,3.2891
2010-06-11,3.332
2010-06-12,3.3282
2010-06-13,3.3282
2010-06-17,3.3296
2010-06-18,3.3836
2010-06-21,3.3925
2010-06-22,3.3807
2010-06-23,3.4129
2010-06-24,3.4179
2010-06-25,3.3822
2010-06-28,3.3435
2010-06-29,3.2909
2010-06-30,3.279
2010-07-01,3.2848
2010-07-02,3.2665
2010-07-05,3.2517
2010-07-06,3.2168
2010-07-07,3.2233
2010-07-08,3.2382
2010-07-09,3.2347
2010-07-12,3.2146
2010-07-13,3.1767
2010-07-14,3.1744
2010-07-15,3.1817
2010-07-16,3.1976
2010-07-19,3.1901
2010-07-20,3.2086
2010-07-21,3.2144
2010-07-22,3.2161
2010-07-23,3.2528
2010-07-26,3.2813
2010-07-27,3.2816
2010-07-28,3.2982
2010-07-29,3.2993
2010-07-30,3.2996
2010-08-02,3.3131
2010-08-03,3.3105
2010-08-04,3.2971
2010-08-05,3.2967
2010-08-06,3.2922
2010-08-09,3.2975
2010-08-10,3.2972
2010-08-11,3.2685
2010-08-12,3.223
2010-08-13,3.2374
2010-08-16,3.2504
2010-08-17,3.2461
2010-08-18,3.245
2010-08-19,3.2501
2010-08-20,3.2389
2010-08-23,3.2346
2010-08-24,3.2229
2010-08-25,3.2154
2010-08-26,3.2322
2010-08-27,3.2379
2010-08-30,3.2304
2010-08-31,3.2301
2010-09-01,3.2358
2010-09-02,3.2418
2010-09-03,3.2406
2010-09-06,3.258
2010-09-07,3.2739
2010-09-08,3.2632
2010-09-09,3.2681
2010-09-10,3.2989
2010-09-13,3.3251
2010-09-14,3.3205
2010-09-15,3.3443
2010-09-16,3.3401
2010-09-17,3.3504
2010-09-19,3.35
2010-09-20,3.3388
2010-09-21,3.3391
2010-09-25,3.3387
2010-09-26,3.3428
2010-09-27,3.3378
2010-09-28,3.3371
2010-09-29,3.331
2010-09-30,3.3183
2010-10-08,3.3342
2010-10-09,3.3584
2010-10-11,3.404
2010-10-12,3.4179
2010-10-13,3.4271
2010-10-14,3.4275
2010-10-15,3.4247
2010-10-18,3.4182
2010-10-19,3.4205
2010-10-20,3.6201
2010-10-21,3.637
2010-10-22,3.6358
2010-10-25,3.6407
2010-10-26,3.6944
2010-10-27,3.6975
2010-10-28,3.6863
2010-10-29,3.6821
2010-11-01,3.6941
2010-11-02,3.7497
2010-11-03,3.8113
2010-11-04,3.8434
2010-11-05,3.8458
2010-11-08,3.8392
2010-11-09,3.8445
2010-11-10,3.9204
2010-11-11,3.953
2010-11-12,3.9534
2010-11-15,3.945
2010-11-16,3.9065
2010-11-17,3.86
2010-11-18,3.8336
2010-11-19,3.87
2010-11-22,3.9161
2010-11-23,3.9317
2010-11-24,3.9533
2010-11-25,3.9674
2010-11-26,4.0123
2010-11-29,3.9959
2010-11-30,3.971
2010-12-01,3.8919
2010-12-02,3.8609
2010-12-03,3.8699
2010-12-06,3.8696
2010-12-07,3.8435
2010-12-08,3.8609
2010-12-09,3.9024
2010-12-10,3.8888
2010-12-13,3.8509
2010-12-14,3.8521
2010-12-15,3.815
2010-12-16,3.8044
2010-12-17,3.8058
2010-12-20,3.785
2010-12-21,3.7956
2010-12-22,3.8004
2010-12-23,3.8108
2010-12-24,3.8136
2010-12-27,3.8913
2010-12-28,3.9118
2010-12-29,3.9019
2010-12-30,3.88
2010-12-31,3.8799
2011-01-04,3.8606
2011-01-05,3.8132
2011-01-06,3.8339
2011-01-07,3.8237
2011-01-10,3.8449
2011-01-11,3.8703
2011-01-12,3.855
2011-01-13,3.8831
2011-01-14,3.9156
2011-01-17,3.9651
2011-01-18,3.9954
2011-01-19,3.9752
2011-01-20,3.9749
2011-01-21,3.9837
2011-01-24,3.9918
2011-01-25,4.0152
2011-01-26,3.9991
2011-01-27,4.0058
2011-01-28,4.0096
2011-01-30,4.01
2011-01-31,4.0187
2011-02-01,4.0186
2011-02-09,4.1006
2011-02-10,4.1158
2011-02-11,4.1062
2011-02-12,4.1087
2011-02-14,4.0552
2011-02-15,4.0454
2011-02-16,4.045
2011-02-17,4.0449
2011-02-18,4.045
2011-02-21,4.0702
2011-02-22,4.04
2011-02-23,3.9946
2011-02-24,3.9132
2011-02-25,3.9566
2011-02-28,3.9314
2011-03-01,3.9259
2011-03-02,3.9233
2011-03-03,3.9279
2011-03-04,3.9388
2011-03-07,3.9351
2011-03-08,3.9078
2011-03-09,3.8879
2011-03-10,3.9321
2011-03-11,3.9328
2011-03-14,3.9074
2011-03-15,3.8659
2011-03-16,3.86
2011-03-17,3.8326
2011-03-18,3.8489
2011-03-21,3.8774
2011-03-22,3.8987
2011-03-23,3.9037
2011-03-24,3.8762
2011-03-25,3.8714
2011-03-28,3.8807
2011-03-29,3.9044
2011-03-30,3.9069
2011-03-31,3.912
2011-04-01,3.9126
2011-04-02,3.9078
2011-04-06,3.9203
2011-04-07,3.9167
2011-04-08,3.9081
2011-04-11,3.8928
2011-04-12,3.87
2011-04-13,3.8703
2011-04-14,3.8707
2011-04-15,3.8709
2011-04-18,3.896
2011-04-19,3.8911
2011-04-20,3.8913
2011-04-21,3.8912
2011-04-22,3.8966
2011-04-25,3.8961
2011-04-26,3.896
2011-04-27,3.8812
2011-04-28,3.87
2011-04-29,3.8713
2011-05-03,3.8752
2011-05-04,3.8772
2011-05-05,3.8715
2011-05-06,3.8308
2011-05-09,3.8378
2011-05-10,3.8326
2011-05-11,3.8334
2011-05-12,3.8211
2011-05-13,3.8363
2011-05-16,3.8432
2011-05-17,3.8318
2011-05-18,3.8338
2011-05-19,3.8309
2011-05-20,3.8429
2011-05-23,3.84
2011-05-24,3.8414
2011-05-25,3.8382
2011-05-26,3.8352
2011-05-27,3.8217
2011-05-30,3.8256
2011-05-31,3.8311
2011-06-01,3.8311
2011-06-02,3.8337
2011-06-03,3.8337
2011-06-07,3.8341
2011-06-08,3.8572
2011-06-09,3.8726
2011-06-10,3.894
2011-06-13,3.9036
2011-06-14,3.9406
2011-06-15,3.9986
2011-06-16,3.9839
2011-06-17,3.9803
2011-06-20,3.9413
2011-06-21,3.9003
2011-06-22,3.9555
2011-06-23,3.9691
2011-06-24,3.8963
2011-06-27,3.8703
2011-06-28,3.8801
2011-06-29,3.8833
2011-06-30,3.8857
2011-07-01,3.8775
2011-07-04,3.8842
2011-07-05,3.8909
2011-07-06,3.9116
2011-07-07,3.9021
2011-07-08,3.8881
2011-07-11,3.8923
2011-07-12,3.8899
2011-07-13,3.8913
2011-07-14,3.9204
2011-07-15,3.9278
2011-07-18,3.9558
2011-07-19,4.0088
2011-07-20,4.0715
2011-07-21,4.0889
2011-07-22,4.0671
2011-07-25,4.0663
2011-07-26,4.0753
2011-07-27,4.0855
2011-07-28,4.0627
2011-07-29,4.0477
2011-08-01,4.0502
2011-08-02,4.0615
2011-08-03,4.1201
2011-08-04,4.0911
2011-08-05,4.0423
2011-08-08,4.0007
2011-08-09,3.9554
2011-08-10,3.9639
2011-08-11,3.9291
2011-08-12,3.9268
2011-08-15,3.9231
2011-08-16,3.9492
2011-08-17,3.9432
2011-08-18,3.956
2011-08-19,3.9331
2011-08-22,3.9325
2011-08-23,3.9356
2011-08-24,3.9501
2011-08-25,3.975
2011-08-26,3.9886
2011-08-29,4.0994
2011-08-30,4.1303
2011-08-31,4.105
2011-09-01,4.0708
2011-09-02,4.07
2011-09-05,4.0501
2011-09-06,4.0107
2011-09-07,4.05
2011-09-08,4.065
2011-09-09,4.0452
2011-09-13,4.0208
2011-09-14,4.021
2011-09-15,4.0495
2011-09-16,4.0752
2011-09-19,4.0801
2011-09-20,4.0801
2011-09-21,4.0908
2011-09-22,4.0676
2011-09-23,3.9662
2011-09-26,3.8878
2011-09-27,3.9158
2011-09-28,3.9203
2011-09-29,3.884
2011-09-30,3.8605
2011-10-08,3.8605
2011-10-09,3.8056
2011-10-10,3.7706
2011-10-11,3.7593
2011-10-12,3.8005
2011-10-13,3.8205
2011-10-14,3.7707
2011-10-17,3.7906
2011-10-18,3.7407
2011-10-19,3.7311
2011-10-20,3.7266
2011-10-21,3.7385
2011-10-24,3.7533
2011-10-25,3.796
2011-10-26,3.7918
2011-10-27,3.8032
2011-10-28,3.787
2011-10-31,3.7607
2011-11-01,3.7395
2011-11-02,3.7208
2011-11-03,3.7233
2011-11-04,3.7158
2011-11-07,3.7333
2011-11-08,3.6988
2011-11-09,3.6436
2011-11-10,3.5563
2011-11-11,3.5916
2011-11-14,3.5807
2011-11-15,3.6563
2011-11-16,3.626
2011-11-17,3.636
2011-11-18,3.6412
2011-11-21,3.6598
2011-11-22,3.6412
2011-11-23,3.5914
2011-11-24,3.6103
2011-11-25,3.6115
2011-11-28,3.6402
2011-11-29,3.6315
2011-11-30,3.6091
2011-12-01,3.5005
2011-12-02,3.472
2011-12-05,3.442
2011-12-06,3.479
2011-12-07,3.489
2011-12-08,3.4953
2011-12-09,3.4817
2011-12-12,3.4927
2011-12-13,3.4982
2011-12-14,3.4807
2011-12-15,3.489
2011-12-16,3.4637
2011-12-19,3.4702
2011-12-20,3.4655
2011-12-21,3.4709
2011-12-22,3.4752
2011-12-23,3.4803
2011-12-26,3.4652
2011-12-27,3.4603
2011-12-28,3.4603
2011-12-29,3.4453
2011-12-30,3.4303
2011-12-31,3.4211
2012-01-04,3.4395
2012-01-05,3.4304
2012-01-06,3.397
2012-01-09,3.3806
2012-01-10,3.403
2012-01-11,3.4208
2012-01-12,3.402
2012-01-13,3.4108
2012-01-16,3.4233
2012-01-17,3.4045
2012-01-18,3.3957
2012-01-19,3.3758
2012-01-20,3.3808
2012-01-21,3.3811
2012-01-29,3.3812
2012-01-30,3.4005
2012-01-31,3.4064
2012-02-01,3.4318
2012-02-02,3.441
2012-02-03,3.436
2012-02-06,3.4785
2012-02-07,3.481
2012-02-08,3.5098
2012-02-09,3.5409
2012-02-10,3.521
2012-02-13,3.5148
2012-02-14,3.516
2012-02-15,3.5335
2012-02-16,3.5361
2012-02-17,3.5361
2012-02-20,3.5116
2012-02-21,3.5164
2012-02-22,3.5276
2012-02-23,3.5254
2012-02-24,3.5164
2012-02-27,3.5501
2012-02-28,3.5464
2012-02-29,3.534
2012-03-01,3.55
2012-03-02,3.5616
2012-03-05,3.5614
2012-03-06,3.5465
2012-03-07,3.5316
2012-03-08,3.5316
2012-03-09,3.5367
2012-03-12,3.5242
2012-03-13,3.5401
2012-03-14,3.5451
2012-03-15,3.5589
2012-03-16,3.5483
2012-03-19,3.559
2012-03-20,3.5601
2012-03-21,3.5608
2012-03-22,3.5502
2012-03-23,3.5267
2012-03-26,3.5247
2012-03-27,3.5403
2012-03-28,3.5223
2012-03-29,3.5143
2012-03-30,3.5054
2012-03-31,3.5004
2012-04-01,3.5204
2012-04-05,3.5191
2012-04-06,3.5203
2012-04-09,3.5352
2012-04-10,3.5366
2012-04-11,3.5308
2012-04-12,3.5407
2012-04-13,3.5277
2012-04-16,3.5318
2012-04-17,3.5291
2012-04-18,3.5366
2012-04-19,3.5518
2012-04-20,3.5414
2012-04-23,3.5407
2012-04-24,3.5302
2012-04-25,3.5369
2012-04-26,3.5357
2012-04-27,3.5389
2012-04-28,3.5391
2012-05-02,3.5449
2012-05-03,3.5454
2012-05-04,3.5512
2012-05-07,3.5518
2012-05-08,3.552
2012-05-09,3.5414
2012-05-10,3.5287
2012-05-11,3.4907
2012-05-14,3.4461
2012-05-15,3.405
2012-05-16,3.3618
2012-05-17,3.4116
2012-05-18,3.3614
2012-05-21,3.3866
2012-05-22,3.3948
2012-05-23,3.3825
2012-05-24,3.3619
2012-05-25,3.3019
2012-05-28,3.3418
2012-05-29,3.3718
2012-05-30,3.3766
2012-05-31,3.3443
2012-06-01,3.3416
2012-06-04,3.3469
2012-06-05,3.3568
2012-06-06,3.36
2012-06-07,3.3751
2012-06-08,3.3101
2012-06-11,3.3491
2012-06-12,3.3747
2012-06-13,3.3909
2012-06-14,3.4009
2012-06-15,3.3932
2012-06-18,3.4107
2012-06-19,3.4093
2012-06-20,3.4101
2012-06-21,3.4001
2012-06-25,3.3677
2012-06-26,3.3653
2012-06-27,3.3252
2012-06-28,3.3253
2012-06-29,3.3253
2012-07-02,3.3353
2012-07-03,3.3204
2012-07-04,3.3195
2012-07-05,3.3193
2012-07-06,3.296
2012-07-09,3.2709
2012-07-10,3.2549
2012-07-11,3.2398
2012-07-12,3.2502
2012-07-13,3.2591
2012-07-16,3.2752
2012-07-17,3.285
2012-07-18,3.2858
2012-07-19,3.286
2012-07-20,3.281
2012-07-23,3.276
2012-07-24,3.2759
2012-07-25,3.276
2012-07-26,3.2763
2012-07-27,3.2764
2012-07-30,3.2755
2012-07-31,3.2915
2012-08-01,3.2921
2012-08-02,3.2861
2012-08-03,3.2902
2012-08-06,3.31
2012-08-07,3.33
2012-08-08,3.3545
2012-08-09,3.3023
2012-08-10,3.2825
2012-08-13,3.3029
2012-08-14,3.3105
2012-08-15,3.3402
2012-08-16,3.3467
2012-08-17,3.3342
2012-08-20,3.3564
2012-08-21,3.3578
2012-08-22,3.3935
2012-08-23,3.3702
2012-08-24,3.3364
2012-08-27,3.3498
2012-08-28,3.3634
2012-08-29,3.3943
2012-08-30,3.3904
2012-08-31,3.3928
2012-09-03,3.4001
2012-09-04,3.3836
2012-09-05,3.3887
2012-09-06,3.3963
2012-09-07,3.4162
2012-09-10,3.4611
2012-09-11,3.4714
2012-09-12,3.4909
2012-09-13,3.4834
2012-09-14,3.5485
2012-09-17,3.5717
2012-09-18,3.5216
2012-09-19,3.5166
2012-09-20,3.5171
2012-09-21,3.4998
2012-09-24,3.4956
2012-09-25,3.4676
2012-09-26,3.4444
2012-09-27,3.4525
2012-09-28,3.4575
2012-09-29,3.4574
2012-10-08,3.4814
2012-10-09,3.4921
2012-10-10,3.5036
2012-10-11,3.499
2012-10-12,3.4807
2012-10-15,3.473
2012-10-16,3.4903
2012-10-17,3.5036
2012-10-18,3.519
2012-10-19,3.535
2012-10-22,3.5293
2012-10-23,3.5454
2012-10-24,3.5478
2012-10-25,3.5672
2012-10-26,3.5727
2012-10-29,3.5668
2012-10-30,3.5648
2012-10-31,3.5739
2012-11-01,3.5984
2012-11-02,3.5852
2012-11-05,3.5872
2012-11-06,3.5771
2012-11-07,3.5644
2012-11-08,3.5609
2012-11-09,3.5594
2012-11-12,3.5585
2012-11-13,3.547
2012-11-14,3.5356
2012-11-15,3.5279
2012-11-16,3.5133
2012-11-19,3.501
2012-11-20,3.5111
2012-11-21,3.5205
2012-11-22,3.5357
2012-11-23,3.5428
2012-11-26,3.5511
2012-11-27,3.557
2012-11-28,3.5535
2012-11-29,3.5311
2012-11-30,3.5332
2012-12-03,3.5397
2012-12-04,3.5498
2012-12-05,3.5622
2012-12-06,3.558
2012-12-07,3.5689
2012-12-10,3.5707
2012-12-11,3.5658
2012-12-12,3.5666
2012-12-13,3.5649
2012-12-14,3.5781
2012-12-17,3.5814
2012-12-18,3.5843
2012-12-19,3.5942
2012-12-20,3.6086
2012-12-21,3.606
2012-12-24,3.6009
2012-12-25,3.5955
2012-12-26,3.5925
2012-12-27,3.5803
2012-12-28,3.5752
2012-12-31,3.5738
2013-01-04,3.6062
2013-01-05,3.6003
2013-01-06,3.595
2013-01-07,3.5965
2013-01-08,3.5943
2013-01-09,3.575
2013-01-10,3.595
2013-01-11,3.5999
2013-01-14,3.6023
2013-01-15,3.6008
2013-01-16,3.6047
2013-01-17,3.5986
2013-01-18,3.5834
2013-01-21,3.5743
2013-01-22,3.5705
2013-01-23,3.5682
2013-01-24,3.5816
2013-01-25,3.5837
2013-01-28,3.6042
2013-01-29,3.6116
2013-01-30,3.6053
2013-01-31,3.6054
2013-02-01,3.6004
2013-02-04,3.6016
2013-02-05,3.591
2013-02-06,3.5922
2013-02-07,3.5928
2013-02-08,3.5859
2013-02-16,3.5922
2013-02-17,3.5847
2013-02-18,3.5929
2013-02-19,3.5931
2013-02-20,3.5632
2013-02-21,3.5623
2013-02-22,3.5708
2013-02-25,3.5821
2013-02-26,3.5948
2013-02-27,3.5904
2013-02-28,3.5957
2013-03-01,3.5878
2013-03-04,3.5785
2013-03-05,3.576
2013-03-06,3.5802
2013-03-07,3.5813
2013-03-08,3.5816
2013-03-11,3.583
2013-03-12,3.5897
2013-03-13,3.5898
2013-03-14,3.5919
2013-03-15,3.5919
2013-03-18,3.5971
2013-03-19,3.5922
2013-03-20,3.5722
2013-03-21,3.5819
2013-03-22,3.5816
2013-03-25,3.577
2013-03-26,3.5717
2013-03-27,3.5611
2013-03-28,3.5505
2013-03-29,3.5392
2013-04-01,3.5303
2013-04-02,3.5106
2013-04-03,3.5005
2013-04-07,3.4907
2013-04-08,3.4905
2013-04-09,3.4705
2013-04-10,3.4624
2013-04-11,3.4705
2013-04-12,3.4655
2013-04-15,3.4405
2013-04-16,3.4005
2013-04-17,3.4131
2013-04-18,3.4431
2013-04-19,3.4503
2013-04-22,3.4867
2013-04-23,3.4629
2013-04-24,3.4498
2013-04-25,3.4314
2013-04-26,3.4313
2013-04-27,3.4311
2013-04-28,3.4314
2013-05-02,3.4119
2013-05-03,3.4212
2013-05-06,3.4354
2013-05-07,3.4261
2013-05-08,3.4345
2013-05-09,3.4317
2013-05-10,3.4212
2013-05-13,3.4238
2013-05-14,3.4248
2013-05-15,3.4218
2013-05-16,3.4219
2013-05-17,3.4213
2013-05-20,3.4253
2013-05-21,3.4253
2013-05-22,3.4153
2013-05-23,3.413
2013-05-24,3.4181
2013-05-27,3.4166
2013-05-28,3.4206
2013-05-29,3.434
2013-05-30,3.434
2013-05-31,3.4399
2013-06-03,3.4478
2013-06-04,3.4603
2013-06-05,3.4615
2013-06-06,3.4651
2013-06-07,3.4822
2013-06-08,3.4822
2013-06-09,3.4491
2013-06-13,3.4591
2013-06-14,3.4689
2013-06-17,3.4785
2013-06-18,3.4818
2013-06-19,3.5516
2013-06-20,3.7016
2013-06-21,3.6014
2013-06-24,3.5999
2013-06-25,3.5999
2013-06-26,3.55
2013-06-27,3.5231
2013-06-28,3.5125
2013-07-01,3.5245
2013-07-02,3.5243
2013-07-03,3.5302
2013-07-04,3.5102
2013-07-05,3.5127
2013-07-08,3.5177
2013-07-09,3.5202
2013-07-10,3.5802
2013-07-11,3.5902
2013-07-12,3.6001
2013-07-15,3.6102
2013-07-16,3.619
2013-07-17,3.669
2013-07-18,3.6903
2013-07-19,3.7051
2013-07-22,3.7401
2013-07-23,3.7602
2013-07-24,3.7952
2013-07-25,3.7102
2013-07-26,3.7152
2013-07-29,3.7228
2013-07-30,3.7227
2013-07-31,3.7214
2013-08-01,3.7053
2013-08-02,3.7034
2013-08-05,3.7104
2013-08-06,3.7153
2013-08-07,3.7703
2013-08-08,3.8455
2013-08-09,3.8407
2013-08-12,3.8513
2013-08-13,3.9252
2013-08-14,3.9516
2013-08-15,3.9602
2013-08-16,3.9401
2013-08-19,4.0103
2013-08-20,4.0881
2013-08-21,4.0382
2013-08-22,4.0302
2013-08-23,3.9916
2013-08-26,3.9555
2013-08-27,3.9654
2013-08-28,4.0222
2013-08-29,4.03
2013-08-30,4.0354
2013-09-02,4.0356
2013-09-03,4.0404
2013-09-04,4.055
2013-09-05,4.055
2013-09-06,4.0455
2013-09-09,4.055
2013-09-10,4.065
2013-09-11,4.1341
2013-09-12,4.1291
2013-09-13,4.1406
2013-09-16,4.1201
2013-09-17,4.0721
2013-09-18,4.0502
2013-09-22,3.9851
2013-09-23,4.0095
2013-09-24,4.0201
2013-09-25,4.0202
2013-09-26,3.9901
2013-09-27,4.0002
2013-09-29,4.0002
2013-09-30,3.9954
2013-10-08,3.9903
2013-10-09,4.0316
2013-10-10,4.0166
2013-10-11,4.0265
2013-10-12,4.0263
2013-10-14,4.0663
2013-10-15,4.0791
2013-10-16,4.0966
2013-10-17,4.0966
2013-10-18,4.1055
2013-10-21,4.1105
2013-10-22,4.1305
2013-10-23,4.1491
2013-10-24,4.194
2013-10-25,4.214
2013-10-28,4.204
2013-10-29,4.2173
2013-10-30,4.2173
2013-10-31,4.1806
2013-11-01,4.1556
2013-11-04,4.1731
2013-11-05,4.2106
2013-11-06,4.2206
2013-11-07,4.2945
2013-11-08,4.3186
2013-11-11,4.4034
2013-11-12,4.4146
2013-11-13,4.4628
2013-11-14,4.5006
2013-11-15,4.6006
2013-11-18,4.6619
2013-11-19,4.6722
2013-11-20,4.7222
2013-11-21,4.7009
2013-11-22,4.6509
2013-11-25,4.6159
2013-11-26,4.6059
2013-11-27,4.5511
2013-11-28,4.4313
2013-11-29,4.3612
2013-12-02,4.4812
2013-12-03,4.4412
2013-12-04,4.4262
2013-12-05,4.4962
2013-12-06,4.5162
2013-12-09,4.5413
2013-12-10,4.6012
2013-12-11,4.6213
2013-12-12,4.5913
2013-12-13,4.5411
2013-12-16,4.5539
2013-12-17,4.5639
2013-12-18,4.5814
2013-12-19,4.6016
2013-12-20,4.6016
2013-12-23,4.6017
2013-12-24,4.5566
2013-12-25,4.5666
2013-12-26,4.5579
2013-12-27,4.5437
2013-12-30,4.5437
2013-12-31,4.5518
2014-01-02,4.6018
2014-01-03,4.6415
2014-01-06,4.6569
2014-01-07,4.642
2014-01-08,4.5919
2014-01-09,4.5969
2014-01-10,4.6016
2014-01-13,4.597
2014-01-14,4.602
2014-01-15,4.5523
2014-01-16,4.5871
2014-01-17,4.5969
2014-01-20,4.5923
2014-01-21,4.5423
2014-01-22,4.5023
2014-01-23,4.4825
2014-01-24,4.5123
2014-01-26,4.4777
2014-01-27,4.4802
2014-01-28,4.5027
2014-01-29,4.5102
2014-01-30,4.5019
2014-02-07,4.4781
2014-02-08,4.468
2014-02-10,4.4831
2014-02-11,4.4881
2014-02-12,4.4783
2014-02-13,4.4783
2014-02-14,4.4781
2014-02-17,4.5135
2014-02-18,4.5385
2014-02-19,4.5535
2014-02-20,4.5336
2014-02-21,4.5234
2014-02-24,4.4836
2014-02-25,4.4336
2014-02-26,4.4496
2014-02-27,4.3896
2014-02-28,4.4276
2014-03-03,4.4576
2014-03-04,4.5026
2014-03-05,4.5176
2014-03-06,4.5145
2014-03-07,4.5142
2014-03-10,4.5043
2014-03-11,4.5125
2014-03-12,4.5024
2014-03-13,4.5024
2014-03-14,4.4924
2014-03-17,4.482
2014-03-18,4.5095
2014-03-19,4.5095
2014-03-20,4.5195
2014-03-21,4.5044
2014-03-24,4.5148
2014-03-25,4.5192
2014-03-26,4.4992
2014-03-27,4.5109
2014-03-28,4.5104
2014-03-31,4.5004
2014-04-01,4.4954
2014-04-02,4.4904
2014-04-03,4.4904
2014-04-04,4.4904
2014-04-08,4.4499
2014-04-09,4.4771
2014-04-10,4.4571
2014-04-11,4.4521
2014-04-14,4.4248
2014-04-15,4.4001
2014-04-16,4.3601
2014-04-17,4.2749
2014-04-18,4.2997
2014-04-21,4.2997
2014-04-22,4.2997
2014-04-23,4.3297
2014-04-24,4.3394
2014-04-25,4.3294
2014-04-28,4.3301
2014-04-29,4.3202
2014-04-30,4.3002
2014-05-04,4.2902
2014-05-05,4.3002
2014-05-06,4.2803
2014-05-07,4.2803
2014-05-08,4.2303
2014-05-09,4.1205
2014-05-12,4.1205
2014-05-13,4.1505
2014-05-14,4.1704
2014-05-15,4.1915
2014-05-16,4.1919
2014-05-19,4.1708
2014-05-20,4.177
2014-05-21,4.177
2014-05-22,4.177
2014-05-23,4.1574
2014-05-26,4.1674
2014-05-27,4.1574
2014-05-28,4.1457
2014-05-29,4.1159
2014-05-30,4.0714
2014-06-03,4.0214
2014-06-04,4.0114
2014-06-05,4.0314
2014-06-06,4.0614
2014-06-09,4.0714
2014-06-10,4.0614
2014-06-11,4.0614
2014-06-12,4.064
2014-06-13,4.084
2014-06-16,4.064
2014-06-17,4.054
2014-06-18,4.054
2014-06-19,4.0408
2014-06-20,4.0515
2014-06-23,4.0515
2014-06-24,4.0515
2014-06-25,4.0557
2014-06-26,4.0472
2014-06-27,4.0485
2014-06-30,4.0612
2014-07-01,4.0812
2014-07-02,4.1212
2014-07-03,4.1503
2014-07-04,4.1747
2014-07-07,4.1212
2014-07-08,4.1162
2014-07-09,4.1276
2014-07-10,4.1298
2014-07-11,4.1198
2014-07-14,4.1298
2014-07-15,4.1571
2014-07-16,4.2171
2014-07-17,4.267
2014-07-18,4.3019
2014-07-21,4.3017
2014-07-22,4.2717
2014-07-23,4.2967
2014-07-24,4.2967
2014-07-25,4.2711
2014-07-28,4.2713
2014-07-29,4.2805
2014-07-30,4.2905
2014-07-31,4.2655
2014-08-01,4.2569
2014-08-04,4.253
2014-08-05,4.2576
2014-08-06,4.2463
2014-08-07,4.2563
2014-08-08,4.2712
2014-08-11,4.2815
2014-08-12,4.2815
2014-08-13,4.255
2014-08-14,4.21
2014-08-15,4.2002
2014-08-18,4.2153
2014-08-19,4.2422
2014-08-20,4.2523
2014-08-21,4.2512
2014-08-22,4.256
2014-08-25,4.2524
2014-08-26,4.2462
2014-08-27,4.231
2014-08-28,4.2254
2014-08-29,4.2361
2014-09-01,4.2405
2014-09-02,4.249
2014-09-03,4.264
2014-09-04,4.2814
2014-09-05,4.2928
2014-09-09,4.2868
2014-09-10,4.2934
2014-09-11,4.2937
2014-09-12,4.2793
2014-09-15,4.2597
2014-09-16,4.2634
2014-09-17,4.2008
2014-09-18,4.1438
2014-09-19,4.031
2014-09-22,4.011
2014-09-23,3.9911
2014-09-24,4.0425
2014-09-25,4.0025
2014-09-26,4.0092
2014-09-28,4.0227
2014-09-29,3.9925
2014-09-30,3.9824
2014-10-08,3.993
2014-10-09,4.0014
2014-10-10,4.0131
2014-10-11,3.9965
2014-10-13,3.9953
2014-10-14,3.9015
2014-10-15,3.8215
2014-10-16,3.8116
2014-10-17,3.811
2014-10-20,3.7441
2014-10-21,3.7323
2014-10-22,3.7929
2014-10-23,3.8108
2014-10-24,3.8013
2014-10-27,3.7756
2014-10-28,3.7424
2014-10-29,3.7176
2014-10-30,3.7688
2014-10-31,3.7559
2014-11-03,3.7007
2014-11-04,3.6412
2014-11-05,3.6117
2014-11-06,3.6223
2014-11-07,3.5631
2014-11-10,3.5132
2014-11-11,3.4981
2014-11-12,3.556
2014-11-13,3.5924
2014-11-14,3.6466
2014-11-17,3.6609
2014-11-18,3.607
2014-11-19,3.6154
2014-11-20,3.6521
2014-11-21,3.6514
2014-11-24,3.4767
2014-11-25,3.5216
2014-11-26,3.5228
2014-11-27,3.5243
2014-11-28,3.5249
2014-12-01,3.5145
2014-12-02,3.5553
2014-12-03,3.6238
2014-12-04,3.6633
2014-12-05,3.7759
2014-12-08,3.7918
2014-12-09,3.7532
2014-12-10,3.7111
2014-12-11,3.7282
2014-12-12,3.7513
2014-12-15,3.7815
2014-12-16,3.7522
2014-12-17,3.7377
2014-12-18,3.7614
2014-12-19,3.7106
2014-12-22,3.703
2014-12-23,3.6604
2014-12-24,3.5975
2014-12-25,3.6305
2014-12-26,3.6339
2014-12-29,3.6213
2014-12-30,3.6213
2014-12-31,3.6219
2015-01-04,3.6285
2015-01-05,3.6251
2015-01-06,3.6353
2015-01-07,3.6408
2015-01-08,3.6415
2015-01-09,3.6348
2015-01-12,3.6371
2015-01-13,3.5836
2015-01-14,3.5411
2015-01-15,3.5464
2015-01-16,3.5017
2015-01-19,3.475
2015-01-20,3.4711
2015-01-21,3.4672
2015-01-22,3.4521
2015-01-23,3.452
2015-01-26,3.4341
2015-01-27,3.4309
2015-01-28,3.4767
2015-01-29,3.4966
2015-01-30,3.5019
2015-02-02,3.4729
2015-02-03,3.4533
2015-02-04,3.4589
2015-02-05,3.4018
2015-02-06,3.4325
2015-02-09,3.4236
2015-02-10,3.4299
2015-02-11,3.3955
2015-02-12,3.3865
2015-02-13,3.3552
2015-02-15,3.3625
2015-02-16,3.3374
2015-02-17,3.3373
2015-02-25,3.349
2015-02-26,3.3594
2015-02-27,3.3745
2015-02-28,3.3602
2015-03-02,3.3883
2015-03-03,3.4022
2015-03-04,3.3869
2015-03-05,3.4369
2015-03-06,3.4753
2015-03-09,3.4922
2015-03-10,3.5228
2015-03-11,3.4466
2015-03-12,3.4412
2015-03-13,3.4879
2015-03-16,3.5301
2015-03-17,3.5428
2015-03-18,3.5519
2015-03-19,3.5348
2015-03-20,3.4958
2015-03-23,3.4933
2015-03-24,3.4841
2015-03-25,3.5037
2015-03-26,3.544
2015-03-27,3.5678
2015-03-30,3.5849
2015-03-31,3.6483
2015-04-01,3.5997
2015-04-02,3.5438
2015-04-03,3.572
2015-04-07,3.5987
2015-04-08,3.6938
2015-04-09,3.704
2015-04-10,3.6947
2015-04-13,3.6685
2015-04-14,3.6211
2015-04-15,3.5954
2015-04-16,3.56
2015-04-17,3.5627
2015-04-20,3.4554
2015-04-21,3.4055
2015-04-22,3.4052
2015-04-23,3.4151
2015-04-24,3.4454
2015-04-27,3.3952
2015-04-28,3.3804
2015-04-29,3.4
2015-04-30,3.3503
2015-05-04,3.3804
2015-05-05,3.4006
2015-05-06,3.456
2015-05-07,3.4401
2015-05-08,3.3703
2015-05-11,3.3752
2015-05-12,3.4002
2015-05-13,3.4002
2015-05-14,3.3803
2015-05-15,3.3907
2015-05-18,3.4109
2015-05-19,3.4311
2015-05-20,3.4282
2015-05-21,3.4257
2015-05-22,3.416
2015-05-25,3.431
2015-05-26,3.5214
2015-05-27,3.5055
2015-05-28,3.5652
2015-05-29,3.5954
2015-06-01,3.6404
2015-06-02,3.588
2015-06-03,3.6111
2015-06-04,3.5912
2015-06-05,3.5814
2015-06-08,3.5613
2015-06-09,3.5565
2015-06-10,3.5912
2015-06-11,3.6197
2015-06-12,3.6226
2015-06-15,3.6681
2015-06-16,3.6099
2015-06-17,3.6052
2015-06-18,3.573
2015-06-19,3.5825
2015-06-23,3.6054
2015-06-24,3.6079
2015-06-25,3.6028
2015-06-26,3.608
2015-06-29,3.603
2015-06-30,3.5976
2015-07-01,3.6127
2015-07-02,3.6223
2015-07-03,3.5719
2015-07-06,3.4917
2015-07-07,3.4361
2015-07-08,3.4307
2015-07-09,3.4358
2015-07-10,3.4885
2015-07-13,3.5014
2015-07-14,3.5341
2015-07-15,3.5495
2015-07-16,3.5208
2015-07-17,3.5123
2015-07-20,3.5009
2015-07-21,3.5214
2015-07-22,3.5145
2015-07-23,3.4751
2015-07-24,3.4602
2015-07-27,3.4602
2015-07-28,3.4401
2015-07-29,3.4302
2015-07-30,3.4402
2015-07-31,3.4752
2015-08-03,3.47
2015-08-04,3.47
2015-08-05,3.4701
2015-08-06,3.46
2015-08-07,3.4553
2015-08-10,3.4755
2015-08-11,3.5256
2015-08-12,3.5402
2015-08-13,3.5153
2015-08-14,3.5052
2015-08-17,3.5176
2015-08-18,3.5126
2015-08-19,3.5201
2015-08-20,3.5051
2015-08-21,3.4951
2015-08-24,3.4701
2015-08-25,3.4577
2015-08-26,3.429
2015-08-27,3.3902
2015-08-28,3.3803
2015-08-31,3.3252
2015-09-01,3.3002
2015-09-02,3.3002
2015-09-06,3.3203
2015-09-07,3.3353
2015-09-08,3.3603
2015-09-09,3.3478
2015-09-10,3.3453
2015-09-11,3.3404
2015-09-14,3.3303
2015-09-15,3.3104
2015-09-16,3.3103
2015-09-17,3.3204
2015-09-18,3.3105
2015-09-21,3.3204
2015-09-22,3.3255
2015-09-23,3.3354
2015-09-24,3.318
2015-09-25,3.3101
2015-09-28,3.2906
2015-09-29,3.2457
2015-09-30,3.2362
2015-10-08,3.2409
2015-10-09,3.1486
2015-10-10,3.1612
2015-10-12,3.1488
2015-10-13,3.1064
2015-10-14,3.0414
2015-10-15,3.0814
2015-10-16,3.1216
2015-10-19,3.1214
2015-10-20,3.0615
2015-10-21,3.0616
2015-10-22,3.0516
2015-10-23,3.04
2015-10-26,3.02
2015-10-27,2.98
2015-10-28,2.987
2015-10-29,3.05
2015-10-30,3.06
2015-11-02,3.0525
2015-11-03,3.08
2015-11-04,3.1351
2015-11-05,3.115
2015-11-06,3.125
2015-11-09,3.2099
2015-11-10,3.2001
2015-11-11,3.1226
2015-11-12,3.1351
2015-11-13,3.1251
2015-11-16,3.1352
2015-11-17,3.1252
2015-11-18,3.1402
2015-11-19,3.1402
2015-11-20,3.1251
2015-11-23,3.1302
2015-11-24,3.1077
2015-11-25,3.0853
2015-11-26,3.0503
2015-11-27,3.0603
2015-11-30,3.0404
2015-12-01,3.0504
2015-12-02,3.0454
2015-12-03,3.0304
2015-12-04,3.0254
2015-12-07,3.028
2015-12-08,3.0005
2015-12-09,2.9968
2015-12-10,3.0018
2015-12-11,2.9931
2015-12-14,3.0306
2015-12-15,3.0157
2015-12-16,3.0007
2015-12-17,2.9857
2015-12-18,2.9408
2015-12-21,2.8811
2015-12-22,2.861
2015-12-23,2.846
2015-12-24,2.801
2015-12-25,2.8061
2015-12-28,2.7961
2015-12-29,2.8061
2015-12-30,2.8261
2015-12-31,2.8212
2016-01-04,2.871
2016-01-05,2.8911
2016-01-06,2.8861
2016-01-07,2.8511
2016-01-08,2.8362
2016-01-11,2.8187
2016-01-12,2.7887
2016-01-13,2.7237
2016-01-14,2.7513
2016-01-15,2.7464
2016-01-18,2.7764
2016-01-19,2.7964
2016-01-20,2.8114
2016-01-21,2.7914
2016-01-22,2.7741
2016-01-25,2.859
2016-01-26,2.8616
2016-01-27,2.9016
2016-01-28,2.8866
2016-01-29,2.8419
2016-02-01,2.8368
2016-02-02,2.8818
2016-02-03,2.8918
2016-02-04,2.855
2016-02-05,2.8535
2016-02-06,2.8535
2016-02-14,2.8221
2016-02-15,2.8371
2016-02-16,2.8376
2016-02-17,2.8351
2016-02-18,2.8351
2016-02-19,2.8251
2016-02-22,2.8426
2016-02-23,2.8451
2016-02-24,2.8676
2016-02-25,2.8651
2016-02-26,2.8551
2016-02-29,2.8502
2016-03-01,2.8527
2016-03-02,2.8752
2016-03-03,2.9002
2016-03-04,2.8952
2016-03-07,2.9303
2016-03-08,2.9352
2016-03-09,2.8928
2016-03-10,2.8653
2016-03-11,2.8453
2016-03-14,2.8504
2016-03-15,2.8404
2016-03-16,2.8054
2016-03-17,2.8154
2016-03-18,2.8229
2016-03-21,2.8305
2016-03-22,2.8304
2016-03-23,2.8307
2016-03-24,2.8309
2016-03-25,2.8311
2016-03-28,2.8665
2016-03-29,2.851
2016-03-30,2.8362
2016-03-31,2.8419
2016-04-01,2.8422
2016-04-05,2.8637
2016-04-06,2.8689
2016-04-07,2.9049
2016-04-08,2.9158
2016-04-11,2.9091
2016-04-12,2.91
2016-04-13,2.9271
2016-04-14,2.9352
2016-04-15,2.9151
2016-04-18,2.9047
2016-04-19,2.906
2016-04-20,2.9258
2016-04-21,2.9208
2016-04-22,2.9309
2016-04-25,2.9362
2016-04-26,2.9212
2016-04-27,2.9108
2016-04-28,2.8863
2016-04-29,2.8913
2016-05-03,2.889
2016-05-04,2.8965
2016-05-05,2.9017
2016-05-06,2.9016
2016-05-09,2.8818
2016-05-10,2.9
2016-05-11,2.9075
2016-05-12,2.8975
2016-05-13,2.905
2016-05-16,2.9275
2016-05-17,2.93
2016-05-18,2.955
2016-05-19,2.96
2016-05-20,2.95
2016-05-23,2.955
2016-05-24,2.935
2016-05-25,2.9401
2016-05-26,2.9401
2016-05-27,2.9451
2016-05-30,2.9776
2016-05-31,2.9851
2016-06-01,2.9952
2016-06-02,3.0127
2016-06-03,3.0152
2016-06-06,3.0041
2016-06-07,3.0071
2016-06-08,3.0077
2016-06-12,3.0053
2016-06-13,2.9979
2016-06-14,2.9654
2016-06-15,2.9604
2016-06-16,2.9455
2016-06-17,2.9379
2016-06-20,2.9481
2016-06-21,2.9405
2016-06-22,2.9307
2016-06-23,2.9307
2016-06-24,2.8808
2016-06-27,2.831
2016-06-28,2.861
2016-06-29,2.8586
2016-06-30,2.8411
2016-07-01,2.8038
2016-07-04,2.8314
2016-07-05,2.8514
2016-07-06,2.8365
2016-07-07,2.8066
2016-07-08,2.8016
2016-07-11,2.8268
2016-07-12,2.8368
2016-07-13,2.8493
2016-07-14,2.8395
2016-07-15,2.8271
2016-07-18,2.8271
2016-07-19,2.8197
2016-07-20,2.7996
2016-07-21,2.7806
2016-07-22,2.7907
2016-07-25,2.8068
2016-07-26,2.7914
2016-07-27,2.7967
2016-07-28,2.7867
2016-07-29,2.7768
2016-08-01,2.783
2016-08-02,2.7792
2016-08-03,2.7718
2016-08-04,2.7694
2016-08-05,2.7534
2016-08-08,2.7472
2016-08-09,2.7125
2016-08-10,2.695
2016-08-11,2.6875
2016-08-12,2.6701
2016-08-15,2.6401
2016-08-16,2.6651
2016-08-17,2.6901
2016-08-18,2.6801
2016-08-19,2.7001
2016-08-22,2.6801
2016-08-23,2.7201
2016-08-24,2.7301
2016-08-25,2.7201
2016-08-26,2.6927
2016-08-29,2.7064
2016-08-30,2.7527
2016-08-31,2.7425
2016-09-01,2.7452
2016-09-02,2.7452
2016-09-05,2.7503
2016-09-06,2.7628
2016-09-07,2.7853
2016-09-08,2.7753
2016-09-09,2.7678
2016-09-12,2.7916
2016-09-13,2.7654
2016-09-14,2.7579
2016-09-18,2.7655
2016-09-19,2.7605
2016-09-20,2.7431
2016-09-21,2.7518
2016-09-22,2.7456
2016-09-23,2.7318
2016-09-26,2.7157
2016-09-27,2.7144
2016-09-28,2.7244
2016-09-29,2.7282
2016-09-30,2.7258
2016-10-08,2.7047
2016-10-09,2.676
2016-10-10,2.6735
2016-10-11,2.6835
2016-10-12,2.7098
2016-10-13,2.701
2016-10-14,2.6952
2016-10-17,2.6904
2016-10-18,2.6965
2016-10-19,2.6664
2016-10-20,2.6518
2016-10-21,2.6451
2016-10-24,2.6595
2016-10-25,2.6859
2016-10-26,2.72
2016-10-27,2.7068
2016-10-28,2.7027
2016-10-31,2.7425
2016-11-01,2.7375
2016-11-02,2.7372
2016-11-03,2.7301
2016-11-04,2.7339
2016-11-07,2.7475
2016-11-08,2.7634
2016-11-09,2.7651
2016-11-10,2.7926
2016-11-11,2.815
2016-11-14,2.8577
2016-11-15,2.8501
2016-11-16,2.8652
2016-11-17,2.9055
2016-11-18,2.8901
2016-11-21,2.8851
2016-11-22,2.8689
2016-11-23,2.8451
2016-11-24,2.8502
2016-11-25,2.865
2016-11-28,2.8502
2016-11-29,2.8906
2016-11-30,2.9502
2016-12-01,2.9893
2016-12-02,2.9895
2016-12-05,3.0302
2016-12-06,3.1151
2016-12-07,3.0877
2016-12-08,3.0753
2016-12-09,3.0853
2016-12-12,3.1458
2016-12-13,3.1863
2016-12-14,3.2186
2016-12-15,3.3315
2016-12-16,3.2803
2016-12-19,3.3316
2016-12-20,3.3739
2016-12-21,3.2815
2016-12-22,3.1908
2016-12-23,3.1769
2016-12-26,3.1551
2016-12-27,3.1628
2016-12-28,3.1223
2016-12-29,3.0471
2016-12-30,3.0115
2016-12-31,3.0115
2017-01-03,3.1054
2017-01-04,3.1823
2017-01-05,3.2086
2017-01-06,3.1953
2017-01-09,3.1692
2017-01-10,3.1792
2017-01-11,3.2055
2017-01-12,3.1888
2017-01-13,3.2022
2017-01-16,3.2496
2017-01-17,3.2692
2017-01-18,3.2682
2017-01-19,3.2584
2017-01-20,3.244
2017-01-22,3.255
2017-01-23,3.2429
2017-01-24,3.2837
2017-01-25,3.3463
2017-01-26,3.3465
2017-02-03,3.4214
2017-02-04,3.4099
2017-02-06,3.4905
2017-02-07,3.4866
2017-02-08,3.4591
2017-02-09,3.4148
2017-02-10,3.4368
2017-02-13,3.4192
2017-02-14,3.4107
2017-02-15,3.4058
2017-02-16,3.3559
2017-02-17,3.3311
2017-02-20,3.2812
2017-02-21,3.3013
2017-02-22,3.2839
2017-02-23,3.2714
2017-02-24,3.2916
2017-02-27,3.2871
2017-02-28,3.292
2017-03-01,3.3252
2017-03-02,3.3483
2017-03-03,3.3573
2017-03-06,3.3615
2017-03-07,3.3643
2017-03-08,3.4088
2017-03-09,3.4151
2017-03-10,3.4156
2017-03-13,3.3851
2017-03-14,3.3653
2017-03-15,3.3524
2017-03-16,3.3097
2017-03-17,3.3124
2017-03-20,3.3141
2017-03-21,3.3141
2017-03-22,3.3068
2017-03-23,3.3034
2017-03-24,3.2529
2017-03-27,3.2451
2017-03-28,3.2626
2017-03-29,3.2695
2017-03-30,3.289
2017-03-31,3.2828
2017-04-01,3.273
2017-04-05,3.3102
2017-04-06,3.3109
2017-04-07,3.2966
2017-04-10,3.3166
2017-04-11,3.3209
2017-04-12,3.3283
2017-04-13,3.322
2017-04-14,3.3599
2017-04-17,3.416
2017-04-18,3.4064
2017-04-19,3.4065
2017-04-20,3.424
2017-04-21,3.4614
2017-04-24,3.4991
2017-04-25,3.4568
2017-04-26,3.4519
2017-04-27,3.4494
2017-04-28,3.4668
2017-05-02,3.487
2017-05-03,3.5219
2017-05-04,3.5517
2017-05-05,3.5592
2017-05-08,3.6042
2017-05-09,3.6325
2017-05-10,3.69
2017-05-11,3.64
2017-05-12,3.6525
2017-05-15,3.61
2017-05-16,3.6225
2017-05-17,3.6275
2017-05-18,3.6075
2017-05-19,3.625
2017-05-22,3.6601
2017-05-23,3.6725
2017-05-24,3.6601
2017-05-25,3.6476
2017-05-26,3.6501
2017-05-27,3.6499
2017-05-31,3.6102
2017-06-01,3.6152
2017-06-02,3.6277
2017-06-05,3.6152
2017-06-06,3.6328
2017-06-07,3.6427
2017-06-08,3.6478
2017-06-09,3.6303
2017-06-12,3.5841
2017-06-13,3.5754
2017-06-14,3.5354
2017-06-15,3.5554
2017-06-16,3.568
2017-06-19,3.5006
2017-06-20,3.4881
2017-06-21,3.5406
2017-06-22,3.5607
2017-06-23,3.5457
2017-06-26,3.5134
2017-06-27,3.5084
2017-06-28,3.5333
2017-06-29,3.5483
2017-06-30,3.5683
2017-07-03,3.6033
2017-07-04,3.6009
2017-07-05,3.576
2017-07-06,3.566
2017-07-07,3.5897
2017-07-10,3.5911
2017-07-11,3.5836
2017-07-12,3.5749
2017-07-13,3.5643
2017-07-14,3.5637
2017-07-17,3.5626
2017-07-18,3.5851
2017-07-19,3.5901
2017-07-20,3.574
2017-07-21,3.5829
2017-07-24,3.5769
2017-07-25,3.592
2017-07-26,3.617
2017-07-27,3.6021
2017-07-28,3.6034
2017-07-31,3.626
2017-08-01,3.6373
2017-08-02,3.6311
2017-08-03,3.6262
2017-08-04,3.6262
2017-08-07,3.6626
2017-08-08,3.6538
2017-08-09,3.66
2017-08-10,3.6375
2017-08-11,3.6163
2017-08-14,3.5925
2017-08-15,3.5801
2017-08-16,3.5988
2017-08-17,3.5926
2017-08-18,3.5951
2017-08-21,3.6181
2017-08-22,3.6201
2017-08-23,3.6152
2017-08-24,3.6252
2017-08-25,3.6327
2017-08-28,3.6502
2017-08-29,3.6303
2017-08-30,3.6303
2017-08-31,3.6265
2017-09-01,3.6353
2017-09-04,3.6454
2017-09-05,3.6641
2017-09-06,3.6554
2017-09-07,3.6155
2017-09-08,3.6005
2017-09-11,3.6156
2017-09-12,3.6181
2017-09-13,3.6356
2017-09-14,3.5982
2017-09-15,3.5982
2017-09-18,3.622
2017-09-19,3.6158
2017-09-20,3.6209
2017-09-21,3.6334
2017-09-22,3.6209
2017-09-25,3.5985
2017-09-26,3.6172
2017-09-27,3.6235
2017-09-28,3.6136
2017-09-29,3.6136
2017-09-30,3.6136
2017-10-09,3.6477
2017-10-10,3.647
2017-10-11,3.654
2017-10-12,3.6765
2017-10-13,3.674
2017-10-16,3.7054
2017-10-17,3.7409
2017-10-18,3.7366
2017-10-19,3.7167
2017-10-20,3.7217
2017-10-23,3.7231
2017-10-24,3.722
2017-10-25,3.7768
2017-10-26,3.7769
2017-10-27,3.8266
2017-10-30,3.9115
2017-10-31,3.8917
2017-11-01,3.863
2017-11-02,3.8718
2017-11-03,3.8816
2017-11-06,3.8694
2017-11-07,3.8813
2017-11-08,3.8725
2017-11-09,3.8863
2017-11-10,3.9
2017-11-13,3.95
2017-11-14,3.9525
2017-11-15,3.95
2017-11-16,3.9225
2017-11-17,3.92
2017-11-20,3.94
2017-11-21,3.95
2017-11-22,3.985
2017-11-23,3.9851
2017-11-24,3.9463
2017-11-27,3.9501
2017-11-28,3.9601
2017-11-29,3.9101
2017-11-30,3.8901
2017-12-01,3.8852
2017-12-04,3.8902
2017-12-05,3.8752
2017-12-06,3.8752
2017-12-07,3.8927
2017-12-08,3.9102
2017-12-11,3.9303
2017-12-12,3.9378
2017-12-13,3.9303
2017-12-14,3.9104
2017-12-15,3.8904
2017-12-18,3.8904
2017-12-19,3.9005
2017-12-20,3.9005
2017-12-21,3.9005
2017-12-22,3.878
2017-12-25,3.8731
2017-12-26,3.8881
2017-12-27,3.8956
2017-12-28,3.8857
2017-12-29,3.8807
2017-12-30,3.8807
2017-12-31,3.8807
2018-01-02,3.9008
2018-01-03,3.9162
2018-01-04,3.9319
2018-01-05,3.9212
2018-01-08,3.911
2018-01-09,3.8909
2018-01-10,3.9201
2018-01-11,3.9546
2018-01-12,3.9337
2018-01-15,3.965
2018-01-16,3.9596
2018-01-17,3.9597
2018-01-18,3.9797
2018-01-19,3.9754
2018-01-22,3.9522
2018-01-23,3.9414
2018-01-24,3.9507
2018-01-25,3.9435
2018-01-26,3.9365
2018-01-29,3.9368
2018-01-30,3.9292
2018-01-31,3.914
2018-02-01,3.9066
2018-02-02,3.9092
2018-02-05,3.9167
2018-02-06,3.8825
2018-02-07,3.87
2018-02-08,3.8801
2018-02-09,3.88
2018-02-11,3.8775
2018-02-12,3.875
2018-02-13,3.87
2018-02-14,3.8702
2018-02-22,3.8752
2018-02-23,3.8702
2018-02-24,3.8652
2018-02-26,3.8452
2018-02-27,3.8201
2018-02-28,3.8202
2018-03-01,3.8201
2018-03-02,3.8352
2018-03-05,3.8453
2018-03-06,3.8253
2018-03-07,3.8203
2018-03-08,3.8203
2018-03-09,3.8278
2018-03-12,3.8243
2018-03-13,3.8362
2018-03-14,3.8413
2018-03-15,3.8257
2018-03-16,3.8154
2018-03-19,3.8104
2018-03-20,3.7906
2018-03-21,3.763
2018-03-22,3.748
2018-03-23,3.7005
2018-03-26,3.7307
2018-03-27,3.7432
2018-03-28,3.7406
2018-03-29,3.7456
2018-03-30,3.7407
2018-04-02,3.7357
2018-04-03,3.7507
2018-04-04,3.7234
2018-04-08,3.7008
2018-04-09,3.6959
2018-04-10,3.7159
2018-04-11,3.7109
2018-04-12,3.7109
2018-04-13,3.7062
2018-04-16,3.6561
2018-04-17,3.6512
2018-04-18,3.5013
2018-04-19,3.5064
2018-04-20,3.5215
2018-04-23,3.6019
2018-04-24,3.5855
2018-04-25,3.6118
2018-04-26,3.6344
2018-04-27,3.6364
2018-04-28,3.6217
2018-05-02,3.6665
2018-05-03,3.6467
2018-05-04,3.6319
2018-05-07,3.6518
2018-05-08,3.6922
2018-05-09,3.7074
2018-05-10,3.6924
2018-05-11,3.6882
2018-05-14,3.6937
2018-05-15,3.7151
2018-05-16,3.7076
2018-05-17,3.712
2018-05-18,3.7099
2018-05-21,3.6939
2018-05-22,3.67
2018-05-23,3.64
2018-05-24,3.6501
2018-05-25,3.6126
2018-05-28,3.6101
2018-05-29,3.6001
2018-05-30,3.5976
2018-05-31,3.6129
2018-06-01,3.6202
2018-06-04,3.6532
2018-06-05,3.6602
2018-06-06,3.6602
2018-06-07,3.6702
2018-06-08,3.6453
2018-06-11,3.6502
2018-06-12,3.6853
2018-06-13,3.6627
2018-06-14,3.6227
2018-06-15,3.6028
2018-06-19,3.5603
2018-06-20,3.6054
2018-06-21,3.5753
2018-06-22,3.5604
2018-06-25,3.5803
2018-06-26,3.5804
2018-06-27,3.5529
2018-06-28,3.5304
2018-06-29,3.4756
2018-07-02,3.4668
2018-07-03,3.4955
2018-07-04,3.5107
2018-07-05,3.5005
2018-07-06,3.5259
2018-07-09,3.5432
2018-07-10,3.5431
2018-07-11,3.5107
2018-07-12,3.5158
2018-07-13,3.4858
2018-07-16,3.4808
2018-07-17,3.4808
2018-07-18,3.4708
2018-07-19,3.4409
2018-07-20,3.5135
2018-07-23,3.5186
2018-07-24,3.5615
2018-07-25,3.5614
2018-07-26,3.5361
2018-07-27,3.5212
2018-07-30,3.5213
2018-07-31,3.4812
2018-08-01,3.4638
2018-08-02,3.4713
2018-08-03,3.4567
2018-08-06,3.4568
2018-08-07,3.4876
2018-08-08,3.5222
2018-08-09,3.5476
2018-08-10,3.5525
2018-08-13,3.5826
2018-08-14,3.5519
2018-08-15,3.5829
2018-08-16,3.6141
2018-08-17,3.6524
2018-08-20,3.6326
2018-08-21,3.63
2018-08-22,3.6075
2018-08-23,3.6101
2018-08-24,3.6278
2018-08-27,3.6303
2018-08-28,3.6101
2018-08-29,3.6101
2018-08-30,3.5801
2018-08-31,3.5751
2018-09-03,3.5951
2018-09-04,3.6101
2018-09-05,3.6101
2018-09-06,3.6101
2018-09-07,3.6301
2018-09-10,3.6551
2018-09-11,3.6751
2018-09-12,3.6551
2018-09-13,3.6526
2018-09-14,3.6351
2018-09-17,3.6327
2018-09-18,3.6452
2018-09-19,3.6727
2018-09-20,3.7003
2018-09-21,3.6752
2018-09-25,3.6754
2018-09-26,3.6503
2018-09-27,3.6253
2018-09-28,3.6154
2018-09-29,3.6104
2018-09-30,3.6103
2018-10-08,3.6155
2018-10-09,3.6156
2018-10-10,3.6156
2018-10-11,3.5806
2018-10-12,3.5831
2018-10-15,3.5857
2018-10-16,3.5757
2018-10-17,3.5807
2018-10-18,3.5508
2018-10-19,3.5658
2018-10-22,3.591
2018-10-23,3.5709
2018-10-24,3.5409
2018-10-25,3.5409
2018-10-26,3.541
2018-10-29,3.5111
2018-10-30,3.5161
2018-10-31,3.5086
2018-11-01,3.4936
2018-11-02,3.5461
2018-11-05,3.5312
2018-11-06,3.5113
2018-11-07,3.4813
2018-11-08,3.4813
2018-11-09,3.4763
2018-11-12,3.4865
2018-11-13,3.474
2018-11-14,3.4218
2018-11-15,3.3915
2018-11-16,3.3515
2018-11-19,3.3772
2018-11-20,3.3771
2018-11-21,3.3716
2018-11-22,3.3917
2018-11-23,3.3917
2018-11-26,3.4151
2018-11-27,3.4
2018-11-28,3.37
2018-11-29,3.36
2018-11-30,3.355
2018-12-03,3.35
2018-12-04,3.305
2018-12-05,3.275
2018-12-06,3.2751
2018-12-07,3.2853
2018-12-10,3.2678
2018-12-11,3.2652
2018-12-12,3.2703
2018-12-13,3.3311
2018-12-14,3.3468
2018-12-17,3.3713
2018-12-18,3.3714
2018-12-19,3.3412
2018-12-20,3.3003
2018-12-21,3.3168
2018-12-24,3.3483
2018-12-25,3.3113
2018-12-26,3.3011
2018-12-27,3.2709
2018-12-28,3.2315
2018-12-29,3.2265
2018-12-30,3.2265
2018-12-31,3.2265
2019-01-02,3.1734
2019-01-03,3.141
2019-01-04,3.1513
2019-01-07,3.1507
2019-01-08,3.1211
2019-01-09,3.1106
2019-01-10,3.1006
2019-01-11,3.1058
2019-01-14,3.1297
2019-01-15,3.1383
2019-01-16,3.0745
2019-01-17,3.076
2019-01-18,3.091
2019-01-21,3.1037
2019-01-22,3.1071
2019-01-23,3.119
2019-01-24,3.1338
2019-01-25,3.1398
2019-01-28,3.1397
2019-01-29,3.1246
2019-01-30,3.1151
2019-01-31,3.1037
2019-02-01,3.1032
2019-02-02,3.0978
2019-02-03,3.0967
2019-02-11,3.067
2019-02-12,3.0748
2019-02-13,3.0719
2019-02-14,3.0726
2019-02-15,3.0794
2019-02-18,3.1094
2019-02-19,3.1279
2019-02-20,3.1196
2019-02-21,3.1361
2019-02-22,3.1451
2019-02-25,3.1787
2019-02-26,3.1878
2019-02-27,3.1689
2019-02-28,3.1731
2019-03-01,3.187
2019-03-04,3.2023
2019-03-05,3.2149
2019-03-06,3.2021
2019-03-07,3.1572
2019-03-08,3.1423
2019-03-11,3.1374
2019-03-12,3.1424
2019-03-13,3.1375
2019-03-14,3.1475
2019-03-15,3.1376
2019-03-18,3.1377
2019-03-19,3.1377
2019-03-20,3.1453
2019-03-21,3.1291
2019-03-22,3.108
2019-03-25,3.0831
2019-03-26,3.0633
2019-03-27,3.0882
2019-03-28,3.0634
2019-03-29,3.0683
2019-04-01,3.1332
2019-04-02,3.1681
2019-04-03,3.2331
2019-04-04,3.2679
2019-04-08,3.2482
2019-04-09,3.2882
2019-04-10,3.2932
2019-04-11,3.2784
2019-04-12,3.3334
2019-04-15,3.3736
2019-04-16,3.3937
2019-04-17,3.3938
2019-04-18,3.3589
2019-04-19,3.3741
2019-04-22,3.4091
2019-04-23,3.3993
2019-04-24,3.4343
2019-04-25,3.4193
2019-04-26,3.4043
2019-04-28,3.4043
2019-04-29,3.4268
2019-04-30,3.3869
2019-05-05,3.3849
2019-05-06,3.355
2019-05-07,3.3551
2019-05-08,3.3426
2019-05-09,3.3116
2019-05-10,3.3017
2019-05-13,3.2709
2019-05-14,3.2859
2019-05-15,3.2762
2019-05-16,3.2662
2019-05-17,3.2665
2019-05-20,3.2717
2019-05-21,3.299
2019-05-22,3.3264
2019-05-23,3.31
2019-05-24,3.3125
2019-05-27,3.35
2019-05-28,3.31
2019-05-29,3.2875
2019-05-30,3.275
2019-05-31,3.2751
2019-06-03,3.2401
2019-06-04,3.2101
2019-06-05,3.21
2019-06-06,3.2136
2019-06-10,3.2251
2019-06-11,3.2651
2019-06-12,3.2601
2019-06-13,3.2451
2019-06-14,3.2302
2019-06-17,3.2252
2019-06-18,3.2302
2019-06-19,3.2427
2019-06-20,3.2352
2019-06-21,3.2303
2019-06-24,3.2453
2019-06-25,3.2353
2019-06-26,3.2453
2019-06-27,3.2553
2019-06-28,3.2254
2019-07-01,3.2254
2019-07-02,3.1704
2019-07-03,3.1554
2019-07-04,3.1479
2019-07-05,3.1705
2019-07-08,3.1805
2019-07-09,3.168
2019-07-10,3.1706
2019-07-11,3.168
2019-07-12,3.1531
2019-07-15,3.1782
2019-07-16,3.1732
2019-07-17,3.1757
2019-07-18,3.1608
2019-07-19,3.1559
2019-07-22,3.1484
2019-07-23,3.1484
2019-07-24,3.171
2019-07-25,3.1635
2019-07-26,3.1661
2019-07-29,3.1836
2019-07-30,3.1761
2019-07-31,3.1552
2019-08-01,3.1487
2019-08-02,3.0914
2019-08-05,3.0563
2019-08-06,3.0613
2019-08-07,3.0514
2019-08-08,3.0465
2019-08-09,3.0216
2019-08-12,3.0391
2019-08-13,3.0041
2019-08-14,3.0105
2019-08-15,3.0115
2019-08-16,3.0217
2019-08-19,3.0191
2019-08-20,3.0317
2019-08-21,3.0567
2019-08-22,3.0543
2019-08-23,3.0644
2019-08-26,3.0494
2019-08-27,3.052
2019-08-28,3.052
2019-08-29,3.0321
2019-08-30,3.0573
2019-09-02,3.0723
2019-09-03,3.0624
2019-09-04,3.0473
2019-09-05,3.0173
2019-09-06,3.0173
2019-09-09,3.025
2019-09-10,3.0425
2019-09-11,3.0525
2019-09-12,3.0876
2019-09-16,3.0926
2019-09-17,3.1076
2019-09-18,3.1277
2019-09-19,3.1053
2019-09-20,3.098
2019-09-23,3.1005
2019-09-24,3.1205
2019-09-25,3.1157
2019-09-26,3.1381
2019-09-27,3.1482
2019-09-29,3.1434
2019-09-30,3.1411
2019-10-08,3.1063
2019-10-09,3.1089
2019-10-10,3.1289
2019-10-11,3.1564
2019-10-12,3.1716
2019-10-14,3.1641
2019-10-15,3.1668
2019-10-16,3.1693
2019-10-17,3.1569
2019-10-18,3.187
2019-10-21,3.2196
2019-10-22,3.2196
2019-10-23,3.2122
2019-10-24,3.2196
2019-10-25,3.2372
2019-10-28,3.2924
2019-10-29,3.3029
2019-10-30,3.3125
2019-10-31,3.288
2019-11-01,3.2757
2019-11-04,3.2954
2019-11-05,3.2454
2019-11-06,3.2555
2019-11-07,3.2736
2019-11-08,3.2765
2019-11-11,3.2463
2019-11-12,3.255
2019-11-13,3.237
2019-11-14,3.2555
2019-11-15,3.2355
2019-11-18,3.1993
2019-11-19,3.1743
2019-11-20,3.1747
2019-11-21,3.1749
2019-11-22,3.1747
2019-11-25,3.1875
2019-11-26,3.1675
2019-11-27,3.17
2019-11-28,3.165
2019-11-29,3.165
2019-12-02,3.2062
2019-12-03,3.1746
2019-12-04,3.1751
2019-12-05,3.1776
2019-12-06,3.1751
2019-12-09,3.1903
2019-12-10,3.1776
2019-12-11,3.1702
2019-12-12,3.1652
2019-12-13,3.1828
2019-12-16,3.1854
2019-12-17,3.2133
2019-12-18,3.2139
2019-12-19,3.2139
2019-12-20,3.1808
2019-12-23,3.1661
2019-12-24,3.1535
2019-12-25,3.1463
2019-12-26,3.1137
2019-12-27,3.1292
2019-12-30,3.1322
2019-12-31,3.1365
2020-01-02,3.1485
2020-01-03,3.1428
2020-01-06,3.1352
2020-01-07,3.1379
2020-01-08,3.1337
2020-01-09,3.1184
2020-01-10,3.0819
2020-01-13,3.084
2020-01-14,3.0994
2020-01-15,3.0897
2020-01-16,3.0918
2020-01-17,3.0832
2020-01-19,3.078
2020-01-20,3.0776
2020-01-21,3.0337
2020-01-22,3.0282
2020-01-23,2.9932
2020-02-03,2.8231
2020-02-04,2.8551
2020-02-05,2.844
2020-02-06,2.8392
2020-02-07,2.8024
2020-02-10,2.7872
2020-02-11,2.834
2020-02-12,2.8333
2020-02-13,2.8201
2020-02-14,2.8631
2020-02-17,2.8928
2020-02-18,2.8664
2020-02-19,2.8776
2020-02-20,2.8857
2020-02-21,2.847
2020-02-24,2.812
2020-02-25,2.822
2020-02-26,2.7973
2020-02-27,2.7702
2020-02-28,2.7376
2020-03-02,2.7428
2020-03-03,2.7478
2020-03-04,2.673
2020-03-05,2.6829
2020-03-06,2.628
2020-03-09,2.5205
2020-03-10,2.613
2020-03-11,2.6079
2020-03-12,2.6379
2020-03-13,2.6759
2020-03-16,2.6758
2020-03-17,2.7135
2020-03-18,2.7136
2020-03-19,2.7299
2020-03-20,2.6815
2020-03-23,2.6315
2020-03-24,2.6289
2020-03-25,2.6289
2020-03-26,2.594
2020-03-27,2.609
2020-03-30,2.6142
2020-03-31,2.5899
2020-04-01,2.555
2020-04-02,2.5854
2020-04-03,2.5965
2020-04-07,2.5112
2020-04-08,2.4824
2020-04-09,2.5226
2020-04-10,2.5403
2020-04-13,2.5658
2020-04-14,2.5591
2020-04-15,2.5455
2020-04-16,2.5276
2020-04-17,2.559
2020-04-20,2.592
2020-04-21,2.5791
2020-04-22,2.5567
2020-04-23,2.5227
2020-04-24,2.51
2020-04-26,2.5205
2020-04-27,2.5345
2020-04-28,2.5254
2020-04-29,2.5009
2020-04-30,2.538
2020-05-06,2.5809
2020-05-07,2.6298
2020-05-08,2.6207
2020-05-09,2.64
2020-05-11,2.6698
2020-05-12,2.6603
2020-05-13,2.7076
2020-05-14,2.6989
2020-05-15,2.682
2020-05-18,2.7253
2020-05-19,2.7272
2020-05-20,2.69
2020-05-21,2.685
2020-05-22,2.6176
2020-05-25,2.6852
2020-05-26,2.7402
2020-05-27,2.7527
2020-05-28,2.7201
2020-05-29,2.7053
2020-06-01,2.7253
2020-06-02,2.7852
2020-06-03,2.7901
2020-06-04,2.8301
2020-06-05,2.8475
2020-06-08,2.8101
2020-06-09,2.8031
2020-06-10,2.8201
2020-06-11,2.7701
2020-06-12,2.7451
2020-06-15,2.7878
2020-06-16,2.8402
2020-06-17,2.8802
2020-06-18,2.8527
2020-06-19,2.8752
2020-06-22,2.9153
2020-06-23,2.9127
2020-06-24,2.8614
2020-06-28,2.8404
2020-06-29,2.8504
2020-06-30,2.823
2020-07-01,2.8456
2020-07-02,2.8584
2020-07-03,2.8974
2020-07-06,2.9959
2020-07-07,3.0158
2020-07-08,3.0632
2020-07-09,3.0809
2020-07-10,3.0305
2020-07-13,3.0557
2020-07-14,3.0057
2020-07-15,2.9559
2020-07-16,2.9459
2020-07-17,2.9507
2020-07-20,2.9311
2020-07-21,2.9011
2020-07-22,2.8861
2020-07-23,2.9064
2020-07-24,2.8612
2020-07-27,2.8791
2020-07-28,2.9214
2020-07-29,2.9415
2020-07-30,2.9364
2020-07-31,2.9664
2020-08-03,2.9466
2020-08-04,2.9365
2020-08-05,2.9592
2020-08-06,2.9816
2020-08-07,2.9918
2020-08-10,2.9543
2020-08-11,2.9544
2020-08-12,2.962
2020-08-13,2.9555
2020-08-14,2.9369
2020-08-17,2.9421
2020-08-18,2.9771
2020-08-19,2.9921
2020-08-20,2.9973
2020-08-21,2.9823
2020-08-24,2.9998
2020-08-25,3.0424
2020-08-26,3.0511
2020-08-27,3.0599
2020-08-28,3.0672
2020-08-31,3.0177
2020-09-01,3.0478
2020-09-02,3.1027
2020-09-03,3.1051
2020-09-04,3.1228
2020-09-07,3.1454
2020-09-08,3.123
2020-09-09,3.0805
2020-09-10,3.0833
2020-09-11,3.1346
2020-09-14,3.1532
2020-09-15,3.1083
2020-09-16,3.126
2020-09-17,3.1334
2020-09-18,3.1162
2020-09-21,3.0999
2020-09-22,3.0863
2020-09-23,3.089
2020-09-24,3.084
2020-09-25,3.1295
2020-09-27,3.1324
2020-09-28,3.1092
2020-09-29,3.1292
2020-09-30,3.1482
2020-10-09,3.1873
2020-10-10,3.1898
2020-10-12,3.1861
2020-10-13,3.195
2020-10-14,3.215
2020-10-15,3.23
2020-10-16,3.2202
2020-10-19,3.2005
2020-10-20,3.1955
2020-10-21,3.1855
2020-10-22,3.1707
2020-10-23,3.1957
2020-10-26,3.1934
2020-10-27,3.1609
2020-10-28,3.181
2020-10-29,3.186
2020-10-30,3.181
2020-11-02,3.1785
2020-11-03,3.1762
2020-11-04,3.1687
2020-11-05,3.1912
2020-11-06,3.2063
2020-11-09,3.2363
2020-11-10,3.2241
2020-11-11,3.2391
2020-11-12,3.2614
2020-11-13,3.2715
2020-11-16,3.2741
2020-11-17,3.2866
2020-11-18,3.324
2020-11-19,3.3487
2020-11-20,3.31
2020-11-23,3.265
2020-11-24,3.29
2020-11-25,3.2675
2020-11-26,3.285
2020-11-27,3.3
2020-11-30,3.25
2020-12-01,3.2725
2020-12-02,3.2925
2020-12-03,3.2851
2020-12-04,3.2651
2020-12-07,3.2701
2020-12-08,3.2551
2020-12-09,3.2726
2020-12-10,3.2601
2020-12-11,3.2951
2020-12-14,3.2851
2020-12-15,3.2777
2020-12-16,3.2752
2020-12-17,3.2802
2020-12-18,3.2902
2020-12-21,3.2652
2020-12-22,3.2278
2020-12-23,3.2153
2020-12-24,3.2303
2020-12-25,3.1878
2020-12-28,3.1629
2020-12-29,3.1554
2020-12-30,3.1204
2020-12-31,3.1429
2021-01-04,3.178
2021-01-05,3.1305
2021-01-06,3.1256
2021-01-07,3.1256
2021-01-08,3.1456
2021-01-11,3.1632
2021-01-12,3.1457
2021-01-13,3.1157
2021-01-14,3.1059
2021-01-15,3.1508
2021-01-18,3.1658
2021-01-19,3.1609
2021-01-20,3.161
2021-01-21,3.1335
2021-01-22,3.1185
2021-01-25,3.1323
2021-01-26,3.1585
2021-01-27,3.1636
2021-01-28,3.1961
2021-01-29,3.1786
2021-02-01,3.1712
2021-02-02,3.1862
2021-02-03,3.2112
2021-02-04,3.2347
2021-02-05,3.2164
2021-02-07,3.2168
2021-02-08,3.237
2021-02-09,3.2303
2021-02-10,3.2449
2021-02-18,3.2831
2021-02-19,3.2578
2021-02-20,3.2605
2021-02-22,3.2736
2021-02-23,3.2635
2021-02-24,3.2627
2021-02-25,3.2723
2021-02-26,3.2798
2021-03-01,3.2475
2021-03-02,3.2474
2021-03-03,3.2553
2021-03-04,3.2655
2021-03-05,3.2457
2021-03-08,3.2404
2021-03-09,3.2478
2021-03-10,3.2353
2021-03-11,3.2506
2021-03-12,3.2613
2021-03-15,3.274
2021-03-16,3.2614
2021-03-17,3.2564
2021-03-18,3.2592
2021-03-19,3.2364
2021-03-22,3.2309
2021-03-23,3.2105
2021-03-24,3.193
2021-03-25,3.1882
2021-03-26,3.1985
2021-03-29,3.1962
2021-03-30,3.206
2021-03-31,3.1887
2021-04-01,3.196
2021-04-02,3.2013
2021-04-06,3.2087
2021-04-07,3.2215
2021-04-08,3.2221
2021-04-09,3.2121
2021-04-12,3.1948
2021-04-13,3.1626
2021-04-14,3.1651
2021-04-15,3.1728
2021-04-16,3.1631
2021-04-19,3.1559
2021-04-20,3.1554
2021-04-21,3.153
2021-04-22,3.1614
2021-04-23,3.1719
2021-04-25,3.1841
2021-04-26,3.2024
2021-04-27,3.2078
2021-04-28,3.1979
2021-04-29,3.1872
2021-04-30,3.164
2021-05-06,3.1507
2021-05-07,3.1589
2021-05-08,3.1582
2021-05-10,3.146
2021-05-11,3.138
2021-05-12,3.131
2021-05-13,3.1366
2021-05-14,3.1422
2021-05-17,3.1524
2021-05-18,3.1457
2021-05-19,3.1298
2021-05-20,3.1001
2021-05-21,3.0876
2021-05-24,3.085
2021-05-25,3.085
2021-05-26,3.06
2021-05-27,3.0725
2021-05-28,3.0825
2021-05-31,3.045
2021-06-01,3.04
2021-06-02,3.065
2021-06-03,3.055
2021-06-04,3.0925
2021-06-07,3.11
2021-06-08,3.11
2021-06-09,3.1051
2021-06-10,3.1
2021-06-11,3.1276
2021-06-15,3.1176
2021-06-16,3.1301
2021-06-17,3.1401
2021-06-18,3.1202
2021-06-21,3.0953
2021-06-22,3.0877
2021-06-23,3.0853
2021-06-24,3.0828
2021-06-25,3.0827
2021-06-28,3.0903
2021-06-29,3.0853
2021-06-30,3.0778
2021-07-01,3.0878
2021-07-02,3.0803
2021-07-05,3.0754
2021-07-06,3.0854
2021-07-07,3.0554
2021-07-08,2.983
2021-07-09,3.0105
2021-07-12,2.9431
2021-07-13,2.9256
2021-07-14,2.9356
2021-07-15,2.9557
2021-07-16,2.9432
2021-07-19,2.9483
2021-07-20,2.9258
2021-07-21,2.9184
2021-07-22,2.9284
2021-07-23,2.9134
2021-07-26,2.8711
2021-07-27,2.911
2021-07-28,2.9312
2021-07-29,2.884
2021-07-30,2.8363
2021-08-02,2.8212
2021-08-03,2.8337
2021-08-04,2.8338
2021-08-05,2.7988
2021-08-06,2.8139
2021-08-09,2.8615
2021-08-10,2.8766
2021-08-11,2.8841
2021-08-12,2.8566
2021-08-13,2.8792
2021-08-16,2.8943
2021-08-17,2.8819
2021-08-18,2.8494
2021-08-19,2.8395
2021-08-20,2.852
2021-08-23,2.8672
2021-08-24,2.8522
2021-08-25,2.8547
2021-08-26,2.8848
2021-08-27,2.8698
2021-08-30,2.8505
2021-08-31,2.845
2021-09-01,2.8226
2021-09-02,2.8301
2021-09-03,2.8327
2021-09-06,2.8354
2021-09-07,2.8604
2021-09-08,2.8705
2021-09-09,2.873
2021-09-10,2.8656
2021-09-13,2.8908
2021-09-14,2.8858
2021-09-15,2.9009
2021-09-16,2.8885
2021-09-17,2.8785
2021-09-18,2.8717
2021-09-22,2.8639
2021-09-23,2.8565
2021-09-24,2.8719
2021-09-26,2.8797
2021-09-27,2.8825
2021-09-28,2.8769
2021-09-29,2.8646
2021-09-30,2.8776
2021-10-08,2.9131
2021-10-09,2.9186
2021-10-11,2.958
2021-10-12,2.9657
2021-10-13,2.9578
2021-10-14,2.9581
2021-10-15,2.9683
2021-10-18,3.0426
2021-10-19,3.0102
2021-10-20,2.9978
2021-10-21,2.9702
2021-10-22,2.9953
2021-10-25,2.9879
2021-10-26,2.978
2021-10-27,2.9781
2021-10-28,2.9682
2021-10-29,2.9732
2021-11-01,2.9435
2021-11-02,2.9259
2021-11-03,2.9385
2021-11-04,2.9261
2021-11-05,2.8911
2021-11-08,2.9013
2021-11-09,2.8988
2021-11-10,2.9139
2021-11-11,2.9365
2021-11-12,2.9391
2021-11-15,2.9269
2021-11-16,2.9244
2021-11-17,2.9295
2021-11-18,2.9146
2021-11-19,2.9302
2021-11-22,2.8876
2021-11-23,2.8875
2021-11-24,2.86
2021-11-25,2.855
2021-11-26,2.82
2021-11-29,2.825
2021-11-30,2.825
2021-12-01,2.8401
2021-12-02,2.8601
2021-12-03,2.8701
2021-12-06,2.8176
2021-12-07,2.8451
2021-12-08,2.8551
2021-12-09,2.8526
2021-12-10,2.8426
2021-12-13,2.8552
2021-12-14,2.8477
2021-12-15,2.8502
2021-12-16,2.8577
2021-12-17,2.8512
2021-12-20,2.8533
2021-12-21,2.8508
2021-12-22,2.8303
2021-12-23,2.8143
2021-12-24,2.8203
2021-12-27,2.8128
2021-12-28,2.8004
2021-12-29,2.7854
2021-12-30,2.7654
2021-12-31,2.7754
2022-01-04,2.7855
2022-01-05,2.8045
2022-01-06,2.8205
2022-01-07,2.8181
2022-01-10,2.8056
2022-01-11,2.7957
2022-01-12,2.7957
2022-01-13,2.7858
2022-01-14,2.7935
2022-01-17,2.786
2022-01-18,2.7415
2022-01-19,2.7314
2022-01-20,2.7271
2022-01-21,2.71
2022-01-24,2.6751
2022-01-25,2.6979
2022-01-26,2.7146
2022-01-27,2.7348
2022-01-28,2.7021
2022-01-29,2.7013
2022-01-30,2.6997
2022-02-07,2.7256
2022-02-08,2.7227
2022-02-09,2.7328
2022-02-10,2.7328
2022-02-11,2.7891
2022-02-14,2.8018
2022-02-15,2.7968
2022-02-16,2.7892
2022-02-17,2.7799
2022-02-18,2.7975
2022-02-21,2.83
2022-02-22,2.82
2022-02-23,2.79
2022-02-24,2.7875
2022-02-25,2.775
2022-02-28,2.775
2022-03-01,2.8025
2022-03-02,2.8175
2022-03-03,2.83
2022-03-04,2.8125
2022-03-07,2.8126
2022-03-08,2.8276
2022-03-09,2.8426
2022-03-10,2.8502
2022-03-11,2.7902
2022-03-14,2.7677
2022-03-15,2.8177
2022-03-16,2.7952
2022-03-17,2.7876
2022-03-18,2.7927
2022-03-21,2.8127
2022-03-22,2.8302
2022-03-23,2.8302
2022-03-24,2.8052
2022-03-25,2.7972
2022-03-28,2.7903
2022-03-29,2.7853
2022-03-30,2.7703
2022-03-31,2.7878
2022-04-01,2.7743
2022-04-02,2.7714
2022-04-06,2.7604
2022-04-07,2.7394
2022-04-08,2.7529
2022-04-11,2.768
2022-04-12,2.7705
2022-04-13,2.7631
2022-04-14,2.7656
2022-04-15,2.7578
2022-04-18,2.8107
2022-04-19,2.8208
2022-04-20,2.833
2022-04-21,2.8259
2022-04-22,2.8409
2022-04-24,2.8335
2022-04-25,2.816
2022-04-26,2.826
2022-04-27,2.8411
2022-04-28,2.8486
2022-04-29,2.8386
2022-05-05,2.8282
2022-05-06,2.8273
2022-05-07,2.8263
2022-05-09,2.8154
2022-05-10,2.8089
2022-05-11,2.824
2022-05-12,2.8055
2022-05-13,2.814
2022-05-16,2.8216
2022-05-17,2.8178
2022-05-18,2.7801
2022-05-19,2.7774
2022-05-20,2.79
2022-05-23,2.7675
2022-05-24,2.765
2022-05-25,2.7575
2022-05-26,2.71
2022-05-27,2.6974
2022-05-30,2.7225
2022-05-31,2.7426
2022-06-01,2.7551
2022-06-02,2.7601
2022-06-06,2.7776
2022-06-07,2.7576
2022-06-08,2.7661
2022-06-09,2.7576
2022-06-10,2.7526
2022-06-13,2.7652
2022-06-14,2.7702
2022-06-15,2.7827
2022-06-16,2.7728
2022-06-17,2.7752
2022-06-20,2.7853
2022-06-21,2.7853
2022-06-22,2.7773
2022-06-23,2.7803
2022-06-24,2.7978
2022-06-27,2.8329
2022-06-28,2.8414
2022-06-29,2.8294
2022-06-30,2.8205
2022-07-01,2.8255
2022-07-04,2.8445
2022-07-05,2.8333
2022-07-06,2.8356
2022-07-07,2.8356
2022-07-08,2.8384
2022-07-11,2.8266
2022-07-12,2.8117
2022-07-13,2.8067
2022-07-14,2.7907
2022-07-15,2.7857
2022-07-18,2.7837
2022-07-19,2.7859
2022-07-20,2.771
2022-07-21,2.7635
2022-07-22,2.787
2022-07-25,2.779
2022-07-26,2.77
2022-07-27,2.7701
2022-07-28,2.785
2022-07-29,2.756
2022-08-01,2.7292
2022-08-02,2.7314
2022-08-03,2.7218
2022-08-04,2.7192
2022-08-05,2.7339
2022-08-08,2.7409
2022-08-09,2.74
2022-08-10,2.7366
2022-08-11,2.7317
2022-08-12,2.7347
2022-08-15,2.6582
2022-08-16,2.6346
2022-08-17,2.6124
2022-08-18,2.58
2022-08-19,2.5875
2022-08-22,2.5925
2022-08-23,2.6075
2022-08-24,2.61
2022-08-25,2.639
2022-08-26,2.643
2022-08-29,2.6225
2022-08-30,2.613
2022-08-31,2.6225
2022-09-01,2.6125
2022-09-02,2.6226
2022-09-05,2.618
2022-09-06,2.614
2022-09-07,2.6215
2022-09-08,2.6256
2022-09-09,2.635
2022-09-13,2.6427
2022-09-14,2.6625
2022-09-15,2.6625
2022-09-16,2.673
2022-09-19,2.675
2022-09-20,2.664
2022-09-21,2.6451
2022-09-22,2.6501
2022-09-23,2.6802
2022-09-26,2.7154
2022-09-27,2.7051
2022-09-28,2.7401
2022-09-29,2.7501
2022-09-30,2.7601
2022-10-08,2.7626
2022-10-09,2.7452
2022-10-10,2.7402
2022-10-11,2.7426
2022-10-12,2.7352
2022-10-13,2.7252
2022-10-14,2.6977
2022-10-17,2.7002
2022-10-18,2.7002
2022-10-19,2.7052
2022-10-20,2.7175
2022-10-21,2.7278
2022-10-24,2.7153
2022-10-25,2.7278
2022-10-26,2.7025
2022-10-27,2.6953
2022-10-28,2.6653
2022-10-31,2.6433
2022-11-01,2.6629
2022-11-02,2.6854
2022-11-03,2.6776
2022-11-04,2.7023
2022-11-07,2.7003
2022-11-08,2.6853
2022-11-09,2.6953
2022-11-10,2.7028
2022-11-11,2.7354
2022-11-14,2.8354
2022-11-15,2.8155
2022-11-16,2.8329
2022-11-17,2.8026
2022-11-18,2.825
2022-11-21,2.818
2022-11-22,2.8276
2022-11-23,2.7975
2022-11-24,2.795
2022-11-25,2.83
2022-11-28,2.86
2022-11-29,2.88
2022-11-30,2.885
2022-12-01,2.86
2022-12-02,2.8676
2022-12-05,2.8902
2022-12-06,2.9152
2022-12-07,2.8702
2022-12-08,2.8853
2022-12-09,2.8903
2022-12-12,2.8902
2022-12-13,2.8952
2022-12-14,2.8655
2022-12-15,2.8829
2022-12-16,2.8856
2022-12-19,2.8632
2022-12-20,2.8732
2022-12-21,2.8606
2022-12-22,2.8503
2022-12-23,2.8251
2022-12-26,2.8378
2022-12-27,2.8657
2022-12-28,2.8503
2022-12-29,2.8376
2022-12-30,2.8353
2022-12-31,2.8353
2023-01-03,2.8228
2023-01-04,2.8103
2023-01-05,2.8304
2023-01-06,2.8328
2023-01-09,2.8428
2023-01-10,2.8602
2023-01-11,2.8603
2023-01-12,2.8778
2023-01-13,2.901
2023-01-16,2.9167
2023-01-17,2.9017
2023-01-18,2.9222
2023-01-19,2.9145
2023-01-20,2.9331
2023-01-28,2.9341
2023-01-29,2.9219
2023-01-30,2.9133
2023-01-31,2.8977
2023-02-01,2.9101
2023-02-02,2.897
2023-02-03,2.8943
2023-02-06,2.9017
2023-02-07,2.8964
2023-02-08,2.8973
2023-02-09,2.8912
2023-02-10,2.9003
2023-02-13,2.8943
2023-02-14,2.8914
2023-02-15,2.8918
2023-02-16,2.8907
2023-02-17,2.892
2023-02-20,2.917
2023-02-21,2.919
2023-02-22,2.9175
2023-02-23,2.922
2023-02-24,2.9126
2023-02-27,2.9117
2023-02-28,2.9017
2023-03-01,2.8977
2023-03-02,2.9111
2023-03-03,2.9026
2023-03-06,2.8826
2023-03-07,2.8726
2023-03-08,2.8828
2023-03-09,2.8752
2023-03-10,2.8627
2023-03-13,2.8703
2023-03-14,2.8652
2023-03-15,2.8652
2023-03-16,2.8552
2023-03-17,2.8602
2023-03-20,2.8504
2023-03-21,2.8604
2023-03-22,2.8577
2023-03-23,2.8652
2023-03-24,2.8676
2023-03-27,2.8551
2023-03-28,2.8556
2023-03-29,2.8532
2023-03-30,2.8603
2023-03-31,2.8528
2023-04-03,2.8604
2023-04-04,2.8584
2023-04-06,2.8605
2023-04-07,2.8464
2023-04-10,2.8455
2023-04-11,2.8203
2023-04-12,2.8158
2023-04-13,2.8277
2023-04-14,2.8281
2023-04-17,2.8432
2023-04-18,2.8319
2023-04-19,2.8333
2023-04-20,2.8332
2023-04-21,2.8258
2023-04-23,2.822
2023-04-24,2.8176
2023-04-25,2.8157
2023-04-26,2.8058
2023-04-27,2.7852
2023-04-28,2.7788
2023-05-04,2.7613
2023-05-05,2.7338
2023-05-06,2.7311
2023-05-08,2.7484
2023-05-09,2.7383
2023-05-10,2.721
2023-05-11,2.701
2023-05-12,2.7058
2023-05-15,2.719
2023-05-16,2.7129
2023-05-17,2.721
2023-05-18,2.7184
2023-05-19,2.7151
2023-05-22,2.7132
2023-05-23,2.6962
2023-05-24,2.7037
2023-05-25,2.7065
2023-05-26,2.7205
2023-05-29,2.695
2023-05-30,2.7
2023-05-31,2.685
2023-06-01,2.6825
2023-06-02,2.6951
2023-06-05,2.6926
2023-06-06,2.6826
2023-06-07,2.6827
2023-06-08,2.6822
2023-06-09,2.6703
2023-06-12,2.6704
2023-06-13,2.6227
2023-06-14,2.6178
2023-06-15,2.6482
2023-06-16,2.6626
2023-06-19,2.6876
2023-06-20,2.6751
2023-06-21,2.6701
2023-06-25,2.6576
2023-06-26,2.6677
2023-06-27,2.6676
2023-06-28,2.6651
2023-06-29,2.6526
2023-06-30,2.6351
2023-07-03,2.6402
2023-07-04,2.6477
2023-07-05,2.6402
2023-07-06,2.6392
2023-07-07,2.6403
2023-07-10,2.6403
2023-07-11,2.6353
2023-07-12,2.6378
2023-07-13,2.6413
2023-07-14,2.6444
2023-07-17,2.6364
2023-07-18,2.6234
2023-07-19,2.6233
2023-07-20,2.6214
2023-07-21,2.6079
2023-07-24,2.5934
2023-07-25,2.663
2023-07-26,2.643
2023-07-27,2.6395
2023-07-28,2.6533
2023-07-31,2.6597
2023-08-01,2.6607
2023-08-02,2.6525
2023-08-03,2.6435
2023-08-04,2.6469
2023-08-07,2.6462
2023-08-08,2.6454
2023-08-09,2.6461
2023-08-10,2.6475
2023-08-11,2.6381
2023-08-14,2.6212
2023-08-15,2.5759
2023-08-16,2.5649
2023-08-17,2.5678
2023-08-18,2.5639
2023-08-21,2.5403
2023-08-22,2.5564
2023-08-23,2.5535
2023-08-24,2.5543
2023-08-25,2.5702
2023-08-28,2.5837
2023-08-29,2.57
2023-08-30,2.56
2023-08-31,2.5575
2023-09-01,2.585
2023-09-04,2.6124
2023-09-05,2.615
2023-09-06,2.6375
2023-09-07,2.635
2023-09-08,2.6375
2023-09-11,2.63
2023-09-12,2.623
2023-09-13,2.615
2023-09-14,2.6075
2023-09-15,2.64
2023-09-18,2.65
2023-09-19,2.6625
2023-09-20,2.665
2023-09-21,2.6576
2023-09-22,2.6776
2023-09-25,2.6976
2023-09-26,2.6951
2023-09-27,2.6877
2023-09-28,2.6751
2023-10-07,2.6651
2023-10-08,2.6626
2023-10-09,2.6702
2023-10-10,2.6811
2023-10-11,2.6976
2023-10-12,2.6911
2023-10-13,2.6702
2023-10-16,2.6777
2023-10-17,2.6882
2023-10-18,2.7052
2023-10-19,2.7177
2023-10-20,2.7052
2023-10-23,2.7047
2023-10-24,2.7177
2023-10-25,2.7052
2023-10-26,2.7152
2023-10-27,2.7133
2023-10-30,2.7141
2023-10-31,2.6938
2023-11-01,2.6853
2023-11-02,2.6553
2023-11-03,2.6613
2023-11-06,2.6554
2023-11-07,2.6632
2023-11-08,2.6464
2023-11-09,2.6494
2023-11-10,2.6444
2023-11-13,2.6454
2023-11-14,2.6573
2023-11-15,2.6633
2023-11-16,2.6558
2023-11-17,2.6524
2023-11-20,2.6584
2023-11-21,2.6684
2023-11-22,2.6823
2023-11-23,2.7023
2023-11-24,2.7053
2023-11-27,2.7108
2023-11-28,2.6898
2023-11-29,2.6826
2023-11-30,2.668
2023-12-01,2.6625
2023-12-04,2.6725
2023-12-05,2.665
2023-12-06,2.6725
2023-12-07,2.664
2023-12-08,2.6636
2023-12-11,2.644
2023-12-12,2.6375
2023-12-13,2.6226
2023-12-14,2.6376
2023-12-15,2.6227
2023-12-18,2.6126
2023-12-19,2.6191
2023-12-20,2.6222
2023-12-21,2.5901
2023-12-22,2.5877
2023-12-25,2.5678
2023-12-26,2.5804
2023-12-27,2.5577
2023-12-28,2.5694
2023-12-29,2.5553
2023-12-31,2.5553
2024-01-02,2.5601
2024-01-03,2.5531
2024-01-04,2.5368
2024-01-05,2.5175
2024-01-08,2.5136
2024-01-09,2.4862
2024-01-10,2.4982
2024-01-11,2.4992
2024-01-12,2.5172
2024-01-15,2.5212
2024-01-16,2.5252
2024-01-17,2.5077
2024-01-18,2.5092
2024-01-19,2.5027
2024-01-22,2.4922
2024-01-23,2.5042
2024-01-24,2.5042
2024-01-25,2.4984
2024-01-26,2.4994
2024-01-29,2.494
2024-01-30,2.4557
2024-01-31,2.433
2024-02-01,2.4354
2024-02-02,2.4244
2024-02-04,2.4053
2024-02-05,2.4002
2024-02-06,2.4525
2024-02-07,2.4153
2024-02-08,2.4379
2024-02-09,2.4302
2024-02-18,2.4393
2024-02-19,2.4344
2024-02-20,2.4134
2024-02-21,2.4119
2024-02-22,2.4033
2024-02-23,2.4009
2024-02-26,2.3789
2024-02-27,2.3809
2024-02-28,2.3376
2024-02-29,2.3375
2024-03-01,2.3675
2024-03-04,2.3475
2024-03-05,2.3169
2024-03-06,2.265
2024-03-07,2.2776
2024-03-08,2.2825
2024-03-11,2.305
2024-03-12,2.3476
2024-03-13,2.3326
2024-03-14,2.3425
2024-03-15,2.32
2024-03-18,2.2926
2024-03-19,2.2801
2024-03-20,2.2951
2024-03-21,2.2851
2024-03-22,2.3051
2024-03-25,2.3151
2024-03-26,2.3175
2024-03-27,2.2876
2024-03-28,2.3026
2024-03-29,2.2901
2024-04-01,2.3082
2024-04-02,2.2927
2024-04-03,2.2837
2024-04-07,2.2937
2024-04-08,2.2822
2024-04-09,2.2802
2024-04-10,2.2972
2024-04-11,2.2928
2024-04-12,2.2837
2024-04-15,2.2798
2024-04-16,2.2723
2024-04-17,2.2608
2024-04-18,2.2537
2024-04-19,2.254
2024-04-22,2.2435
2024-04-23,2.226
2024-04-24,2.2727
2024-04-25,2.2612
2024-04-26,2.3084
2024-04-28,2.3244
2024-04-29,2.353
2024-04-30,2.3028
2024-05-06,2.3081
2024-05-07,2.2896
2024-05-08,2.2955
2024-05-09,2.3186
2024-05-10,2.3122
2024-05-11,2.3361
2024-05-13,2.29
2024-05-14,2.2938
2024-05-15,2.302
2024-05-16,2.3147
2024-05-17,2.3077
2024-05-20,2.3105
2024-05-21,2.3141
2024-05-22,2.3123
2024-05-23,2.3063
2024-05-24,2.3134
2024-05-27,2.3084
2024-05-28,2.2994
2024-05-29,2.2776
2024-05-30,2.2826
2024-05-31,2.2926
2024-06-03,2.2853
2024-06-04,2.2854
2024-06-05,2.2808
2024-06-06,2.2828
2024-06-07,2.2833
2024-06-11,2.2791
2024-06-12,2.276
2024-06-13,2.2678
2024-06-14,2.2558
2024-06-17,2.2609
2024-06-18,2.2537
2024-06-19,2.2429
2024-06-20,2.2445
2024-06-21,2.2571
2024-06-24,2.2451
2024-06-25,2.235
2024-06-26,2.2225
2024-06-27,2.2081
2024-06-28,2.2058
2024-07-01,2.2486
2024-07-02,2.2369
2024-07-03,2.2426
2024-07-04,2.2502
2024-07-05,2.2754
2024-07-08,2.2904
2024-07-09,2.2698
2024-07-10,2.2707
2024-07-11,2.2648
2024-07-12,2.2604
2024-07-15,2.2541
2024-07-16,2.2613
2024-07-17,2.2598
2024-07-18,2.2673
2024-07-19,2.2614
2024-07-22,2.2461
2024-07-23,2.2322
2024-07-24,2.2381
2024-07-25,2.2168
2024-07-26,2.1944
2024-07-29,2.1574
2024-07-30,2.148
2024-07-31,2.1494
2024-08-01,2.1297
2024-08-02,2.1277
2024-08-05,2.1376
2024-08-06,2.1491
2024-08-07,2.1414
2024-08-08,2.181
2024-08-09,2.1986
2024-08-12,2.2508
2024-08-13,2.2255
2024-08-14,2.1966
2024-08-15,2.205
2024-08-16,2.1978
2024-08-19,2.1816
2024-08-20,2.171
2024-08-21,2.167
2024-08-22,2.1582
2024-08-23,2.1547
2024-08-26,2.1628
2024-08-27,2.1903
2024-08-28,2.1673
2024-08-29,2.1703
2024-08-30,2.1704
2024-09-02,2.1457
2024-09-03,2.1432
2024-09-04,2.1336
2024-09-05,2.1338
2024-09-06,2.1388
2024-09-09,2.1267
2024-09-10,2.1143
2024-09-11,2.1044
2024-09-12,2.0998
2024-09-13,2.0724
2024-09-14,2.0425
2024-09-18,2.0403
2024-09-19,2.045
2024-09-20,2.0431
2024-09-23,2.0381
2024-09-24,2.0728
2024-09-25,2.0437
2024-09-26,2.0787
2024-09-27,2.1714
2024-09-29,2.2534
2024-09-30,2.1518
2024-10-08,2.1928
2024-10-09,2.176
2024-10-10,2.1441
2024-10-11,2.1392
2024-10-12,2.1441
2024-10-14,2.1368
2024-10-15,2.1254
2024-10-16,2.1331
2024-10-17,2.1084
2024-10-18,2.1209
2024-10-21,2.1211
2024-10-22,2.1458
2024-10-23,2.1559
2024-10-24,2.1661
2024-10-25,2.1539
2024-10-28,2.1617
2024-10-29,2.1598
2024-10-30,2.1597
2024-10-31,2.1476
2024-11-01,2.1406
2024-11-04,2.1275
2024-11-05,2.1106
2024-11-06,2.1234
2024-11-07,2.1115
2024-11-08,2.1067
2024-11-11,2.092
2024-11-12,2.0729
2024-11-13,2.0876
2024-11-14,2.0808
2024-11-15,2.0948
2024-11-18,2.1117
2024-11-19,2.0947
2024-11-20,2.1025
2024-11-21,2.0843
2024-11-22,2.0832
2024-11-25,2.0682
2024-11-26,2.0657
2024-11-27,2.0553
2024-11-28,2.0304
2024-11-29,2.0206
2024-12-02,1.981
2024-12-03,1.9886
2024-12-04,1.9612
2024-12-05,1.9462
2024-12-06,1.9539
2024-12-09,1.9168
2024-12-10,1.8468
2024-12-11,1.8218
2024-12-12,1.8172
2024-12-13,1.7771
2024-12-16,1.7215
2024-12-17,1.7237
2024-12-18,1.7564
2024-12-19,1.7417
2024-12-20,1.7018
2024-12-23,1.7019
2024-12-24,1.7166
2024-12-25,1.7365
2024-12-26,1.7122
2024-12-27,1.6929
2024-12-30,1.7128
2024-12-31,1.6752
2025-01-02,1.6077
2025-01-03,1.6041
2025-01-06,1.5966
2025-01-07,1.6093
2025-01-08,1.6069
2025-01-09,1.6368
2025-01-10,1.6338
2025-01-13,1.6592
2025-01-14,1.6446
2025-01-15,1.633
2025-01-16,1.6394
2025-01-17,1.6593
2025-01-20,1.6747
2025-01-21,1.6496
2025-01-22,1.6602
2025-01-23,1.6645
2025-01-24,1.6565
2025-01-26,1.6537
2025-01-27,1.6299
2025-02-05,1.6207
2025-02-06,1.5958
2025-02-07,1.6032
2025-02-08,1.6057
2025-02-10,1.6342
2025-02-11,1.6274
2025-02-12,1.6336
2025-02-13,1.6346
2025-02-14,1.6546
2025-02-17,1.6934
2025-02-18,1.7006
2025-02-19,1.6626
2025-02-20,1.685
2025-02-21,1.72
2025-02-24,1.7625
2025-02-25,1.7275
2025-02-26,1.7251
2025-02-27,1.7576
2025-02-28,1.7152
2025-03-03,1.6955
2025-03-04,1.7079
2025-03-05,1.7083
2025-03-06,1.7455
2025-03-07,1.8002
2025-03-10,1.8128
2025-03-11,1.8853
2025-03-12,1.8334
2025-03-13,1.8565
2025-03-14,1.8317
2025-03-17,1.8957
2025-03-18,1.8885
2025-03-19,1.8708
2025-03-20,1.8309
2025-03-21,1.8458
2025-03-24,1.8413
2025-03-25,1.8183
2025-03-26,1.7943
2025-03-27,1.8062
2025-03-28,1.8126
2025-03-31,1.8129
2025-04-01,1.8104
2025-04-02,1.7887
2025-04-03,1.718
2025-04-07,1.6318
2025-04-08,1.6633
2025-04-09,1.6508
2025-04-10,1.6444
2025-04-11,1.6568
2025-04-14,1.6584
2025-04-15,1.6583
2025-04-16,1.643
2025-04-17,1.6522
2025-04-18,1.6493
2025-04-21,1.6664
2025-04-22,1.6509
2025-04-23,1.6611
2025-04-24,1.664
2025-04-25,1.6606
2025-04-27,1.6607
2025-04-28,1.6483
2025-04-29,1.6241
2025-04-30,1.6243
2025-05-06,1.6298
2025-05-07,1.6418
2025-05-08,1.6331
2025-05-09,1.6351
2025-05-12,1.688
2025-05-13,1.6704
2025-05-14,1.6736
2025-05-15,1.6798
2025-05-16,1.6793
2025-05-19,1.6893
2025-05-20,1.7004
2025-05-21,1.71
2025-05-22,1.7186
2025-05-23,1.7208
2025-05-26,1.7201
2025-05-27,1.7261
2025-05-28,1.6832
2025-05-29,1.6877
2025-05-30,1.6712
2025-06-03,1.6764
2025-06-04,1.6704
2025-06-05,1.6741
2025-06-06,1.6547
2025-06-09,1.6559
2025-06-10,1.6569
2025-06-11,1.642
2025-06-12,1.6475
2025-06-13,1.644
2025-06-16,1.6432
2025-06-17,1.6364
2025-06-18,1.6384
2025-06-19,1.6425
2025-06-20,1.6396
2025-06-23,1.6418
2025-06-24,1.648
2025-06-25,1.6544
2025-06-26,1.6462
2025-06-27,1.6462
2025-06-30,1.6469
2025-07-01,1.6433
2025-07-02,1.6396
2025-07-03,1.6407
2025-07-04,1.6433
2025-07-07,1.6406
2025-07-08,1.6444
2025-07-09,1.6446
2025-07-10,1.6616
2025-07-11,1.6653
2025-07-14,1.6726
2025-07-15,1.6557
2025-07-16,1.6617
2025-07-17,1.663
2025-07-18,1.6652
2025-07-21,1.6774
2025-07-22,1.6907
2025-07-23,1.7041
2025-07-24,1.7376
2025-07-25,1.7324
2025-07-28,1.7146
2025-07-29,1.7466
2025-07-30,1.718
2025-07-31,1.7044
2025-08-01,1.7059
2025-08-04,1.7083
2025-08-05,1.7061
2025-08-06,1.6999
2025-08-07,1.6894
2025-08-08,1.6891
2025-08-11,1.7203
2025-08-12,1.7271
2025-08-13,1.7262
2025-08-14,1.7341
2025-08-15,1.7465
2025-08-18,1.7872
2025-08-19,1.7725
2025-08-20,1.782
2025-08-21,1.7667
2025-08-22,1.7818
2025-08-25,1.7643
2025-08-26,1.7598
2025-08-27,1.7988
2025-08-28,1.8478
2025-08-29,1.8379
